"","salary","educ","abili","iq","female","age","exper"
"1",1437.51377011222,13,9.85229238823654,109.322171040584,0,23,14
"2",840.478606337411,10,-0.99246389913317,100.898811342428,0,34,16
"3",1385.28922892351,16,17.5533165432919,118.241492277827,0,36,12
"4",1232.85447197054,18,3.05215970189665,101.583028368101,1,26,38
"5",178.456544204021,11,-16.4980648239003,81.6981027428766,1,27,28
"6",1258.88013982599,13,1.79229931545358,102.857764766678,0,24,35
"7",1334.56562660933,11,3.10655066345198,102.879023252103,0,34,37
"8",1454.44870503361,17,18.1829914568471,119.87649443392,0,30,30
"9",717.168468047997,15,-2.90067154150539,96.5195901543358,1,29,34
"10",933.362906478365,12,1.6287511876592,101.653157709227,1,32,32
"11",690.031934226711,15,-8.46204558219064,92.276494684942,0,29,36
"12",1190.90577009922,14,11.6864952689726,112.116981513024,1,38,33
"13",1073.38126631614,15,0.646873227422326,101.527628932695,0,29,15
"14",600.210957753616,11,-17.2816464847564,81.1819376463046,1,30,35
"15",1033.50660295745,12,4.3558961717765,104.793637700046,1,27,32
"16",271.050348865459,12,-16.7810764075514,83.2787005431061,1,42,7
"17",711.577753562903,12,-9.62865116733376,92.5785178973799,1,32,7
"18",1250.08940392296,17,19.1231165538172,117.948401696737,0,34,38
"19",704.046458227015,10,-4.28864362074029,96.5113945140184,0,23,18
"20",1480.70634968369,14,9.51428628805922,109.575331840426,1,34,3
"21",896.978565556759,13,-11.2026046975363,88.4124805828275,1,41,39
"22",629.686734607735,12,-0.249573142754338,99.5348052469601,0,33,1
"23",720.128056680697,14,-8.6216646484772,91.2608865611823,0,20,20
"24",1044.19842112363,19,10.04006645655,109.591331046309,1,27,17
"25",923.64402344089,10,-3.45441113184337,96.4604815567563,0,31,15
"26",1383.13563726788,15,20.8336887025851,121.752807732219,1,38,29
"27",846.137424095978,12,-6.62938431934571,93.7716287506442,1,28,11
"28",1020.86118834873,14,2.49555685100518,102.25280585271,0,22,26
"29",1347.79629763414,10,2.28808216550387,100.436266399182,0,32,31
"30",863.393348514988,11,8.13620626822735,107.774096064722,0,30,29
"31",1087.11022229959,11,-2.31696379895498,98.9654069482302,0,31,39
"32",529.844606161119,8,-7.56859878649339,92.7031042907071,1,35,22
"33",817.604217519116,12,-1.75747393284928,98.6895204816138,0,29,26
"34",759.960590670049,9,-12.9500490098348,87.1755710414627,1,30,11
"35",710.695741654667,12,-3.53466465612366,96.9552945612991,0,28,16
"36",1376.07012058084,16,7.58118478289942,108.046696213589,1,33,22
"37",1201.30371353792,15,16.5357948293955,116.850140191836,0,30,39
"38",935.135846105873,13,-1.44404873487548,98.7543380590426,1,36,39
"39",919.068790891155,14,1.56228298866941,100.840534920108,1,32,9
"40",817.911201504706,11,-7.6409129923971,92.0270872471858,1,30,16
"41",1164.71643469289,17,22.4909838033267,122.074481644722,0,34,35
"42",418.163255741898,12,-13.1438439067575,87.8844713540634,0,31,28
"43",1024.88637123663,17,11.2711367594221,111.319491253466,1,25,13
"44",1055.85001356369,16,4.48068081857062,104.28963971314,1,21,28
"45",1099.43427637969,11,-4.29822409066507,96.6666732839108,0,30,6
"46",916.512247585027,12,-6.15687867705964,92.8330774654685,1,27,36
"47",1425.84094257953,19,15.4104325727208,114.961386664823,1,31,36
"48",1135.18446996034,13,3.46011611600382,104.00879639211,0,28,6
"49",854.128823696006,12,-7.03956221869115,93.7926729678409,0,32,1
"50",1109.35185958067,12,3.12581665698928,101.72978472375,0,33,14
"51",691.15289864481,12,-1.03931579337575,99.8890162022121,1,32,15
"52",833.508111802482,10,-0.208425061447221,99.072589215014,1,28,25
"53",747.052791150563,11,-4.98259162909923,93.6982300621272,1,30,20
"54",960.217748483265,15,1.31533919705748,101.201216964039,1,24,14
"55",1358.15427427493,17,4.24252460999206,104.191324627796,1,32,13
"56",1281.83874457235,13,9.05066094470796,109.824412037315,0,25,23
"57",971.181609234129,11,-1.25716438786209,97.8630450891509,1,33,2
"58",1178.46177924567,17,2.49013524349346,100.486363739951,0,29,16
"59",471.070182830637,14,-2.42290450991681,97.4914448925025,0,31,10
"60",547.215919232102,12,-2.64846819517455,95.1630756588665,1,24,7
"61",985.837583062261,13,6.21976980485707,103.926292056354,1,33,2
"62",779.068595861483,15,0.0511887332616705,99.7548993361771,0,31,2
"63",308.42904802212,14,-7.91655390234598,92.9087481910181,0,23,39
"64",1347.75283098373,17,3.12999069164711,102.373089750902,1,22,32
"65",695.172592808715,9,-10.3855923774459,89.6000865457888,0,28,1
"66",495.510959399772,8,-1.71362797731322,99.7233305064803,0,23,22
"67",982.781878632074,17,0.140516582696723,100.640733185554,0,32,1
"68",936.591495154302,13,-3.58560403329334,94.0426003041837,1,35,31
"69",1005.23930547602,15,-2.5969958916168,98.1434596988119,1,26,30
"70",508.502519222701,10,-14.0601890070372,86.4833885838512,0,29,0
"71",1688.79190343353,18,17.3217965689151,113.929260155537,1,28,33
"72",1499.14024420781,17,15.9578719725205,116.301038928498,1,28,34
"73",852.954280633973,13,-4.56540391403498,93.8642897306996,1,30,17
"74",732.031043299902,8,-7.55913552418733,92.4091547072559,0,27,25
"75",613.120709077923,10,-13.0423678733367,87.41197752148,1,38,17
"76",1062.95517731906,12,-0.779411428883342,98.6654990164966,0,25,13
"77",698.527691814427,15,-3.15662631796468,97.2702200574366,0,26,31
"78",1209.98932096806,15,-4.16462129232121,97.0180684983516,0,35,28
"79",560.871512298507,15,-8.41587223023879,92.4110142357165,1,27,37
"80",1177.92467520275,16,18.493720109667,117.68391348887,0,22,24
"81",292.14189328843,11,-12.9074124988437,87.0194047626953,0,34,2
"82",795.05897904526,13,3.58065718438688,102.092889787829,1,30,29
"83",683.782733952507,14,-2.34662818039107,97.3967644361489,1,28,36
"84",1245.80861281973,14,10.097691167612,111.081743287174,1,35,28
"85",241.423419800509,13,-14.2716607631584,87.7731465646576,1,34,23
"86",769.869185264695,8,-4.85958057027245,96.1920888474614,1,33,23
"87",1143.557160603,18,14.0173182197871,115.2759296052,1,42,15
"88",1403.68066659241,17,29.6792348199426,129.209277627802,1,31,22
"89",307.991626123951,14,-7.90067708561236,91.9762595723711,1,25,36
"90",885.943015392512,15,3.03850416103857,103.873827651342,1,33,11
"91",786.462376616729,8,-16.9901238269056,83.6009379453397,1,25,33
"92",670.364432752452,11,-7.2419737556141,92.9948966042816,1,21,27
"93",735.080165662151,14,-1.24832849385371,97.9244490312457,0,28,36
"94",857.615172400588,12,-0.290859785848055,98.9456540943905,1,29,12
"95",474.915413410297,13,-5.58523492218378,94.8558375657295,1,30,15
"96",712.500913430236,13,1.78471924577301,101.514891222272,0,33,36
"97",1627.24699122437,20,23.209096359729,124.813658366519,1,26,31
"98",1201.54204334616,16,1.27326350994859,100.807666259965,1,26,22
"99",644.740438260528,9,-3.20072205756091,96.6992157847064,1,24,25
"100",284.041818047946,7,-13.0757598404872,88.2562363527018,1,20,37
"101",988.489206831902,15,-4.96359518557461,95.8558841214841,0,43,12
"102",1079.39898879087,14,13.0638571249324,112.82964280521,1,37,15
"103",894.045740720367,14,-7.99871143494074,93.5058834044691,1,31,38
"104",1066.09443848863,18,5.69133861601533,105.994276969982,0,27,17
"105",891.142503366825,15,-5.99447290969231,93.5269985998298,0,33,23
"106",924.199078077593,13,3.15734550373113,105.660804787709,1,26,32
"107",731.724207058976,11,-3.75196760522458,96.0253999162185,0,29,19
"108",348.229465213158,14,-17.5298453382785,81.9164910582664,0,29,35
"109",889.286708075374,13,-4.79012547884924,94.2737685187833,1,38,28
"110",418.214137725495,12,-14.804503043327,84.7393793524217,1,33,5
"111",1156.66306812335,12,-3.40216124217977,96.6505879120647,1,33,26
"112",1154.06612086231,12,8.72611595863894,110.631154972633,1,27,32
"113",908.487841906581,14,11.6828657650798,112.641055390898,1,39,10
"114",1517.63521907314,16,16.3793760922433,115.754993615588,0,27,35
"115",1148.42823447074,10,4.36174099947339,105.056253545378,1,43,19
"116",460.623629171492,9,-11.6399068333096,89.0523269503357,1,30,13
"117",1711.00928918566,20,22.4085079254515,121.105677510168,1,29,40
"118",933.172730772479,13,3.86255727089725,103.440790170927,1,36,30
"119",827.705067295848,12,6.83022663562839,108.057481514112,1,29,19
"120",529.098047143211,10,-15.2896057941733,83.5538621139511,1,32,10
"121",1125.45617186217,13,3.61460175319595,103.187639679287,1,20,15
"122",1378.52351200979,17,11.2924193204237,112.290379741844,1,35,12
"123",1172.73399923289,16,7.01717471800384,107.284016061372,0,27,31
"124",871.838370937672,13,7.7861964739725,109.039543284297,0,26,17
"125",423.992063841363,14,-7.8230444174296,92.5197451558493,0,34,26
"126",979.686128183092,14,2.03768016207681,100.981779127355,0,28,10
"127",1124.43484911177,14,3.06893955599771,104.894419053879,0,29,12
"128",1086.82155539913,15,4.13990937003602,103.532856038799,0,33,37
"129",1024.18355511471,13,2.23210784792572,103.201983441441,0,32,6
"130",1290.82445533553,12,8.19631798417551,109.388881896638,1,30,19
"131",369.219021942513,8,-15.031381982021,84.5797361246266,0,41,32
"132",358.177524941108,10,-20.5003322780434,78.5821888336921,1,32,13
"133",982.807001800827,13,-4.91677420482815,94.7439985271069,1,39,22
"134",893.996809020155,14,6.99542392801321,108.003593571402,1,24,2
"135",946.514184619373,12,-11.2648574324921,87.6724903767168,1,34,27
"136",544.1435922108,15,-11.4575934730923,87.1149725472103,0,33,21
"137",342.857535846107,7,-16.5141066036431,82.5229156391082,1,28,15
"138",733.150425338775,15,-1.6515231881464,99.1452544507831,1,32,9
"139",1206.53619645781,14,-0.986381676004111,99.7673566266717,1,37,2
"140",855.993413199113,15,11.022459732652,111.444743121653,1,30,14
"141",909.566284522224,16,6.4230894913584,105.766377323806,0,26,21
"142",774.13024654398,14,0.33988863553153,100.055321518891,0,24,14
"143",1093.91644233978,15,-1.29940209557376,99.4186580552957,1,41,40
"144",0,10,-28.2746256336932,72.6416338161142,0,30,2
"145",724.735447114844,14,-2.9990878323779,96.9766484154822,0,29,3
"146",261.556970098092,11,-5.95498251544977,93.6754811294179,1,28,27
"147",501.315229820011,12,-3.25716817041705,95.4327312734051,1,28,6
"148",697.554780477772,12,-7.87570494648787,92.2432987197602,0,32,23
"149",1087.37232219531,13,8.33843189096199,107.995377601346,1,32,4
"150",710.290012581635,12,3.60899578655658,104.309245028587,1,31,26
"151",548.300321035955,13,-6.07665224818717,95.3477506130949,1,31,14
"152",996.312843123539,12,-4.95218586220515,94.8263175514805,1,34,9
"153",962.14697214201,12,-0.364187358259504,101.01586002151,1,25,37
"154",714.536608418884,11,-4.55995701307127,92.6214514507201,1,35,1
"155",897.73235116869,14,-0.976256734240808,98.4162970757657,1,17,18
"156",412.243227524457,12,-10.7790469071276,89.8057586312688,1,24,39
"157",1005.8406544331,10,-3.00985972394556,98.52412277477,0,34,16
"158",664.412702989984,11,-7.21563329402677,94.3486959131243,0,29,37
"159",399.79705031032,8,-18.7626506691904,81.4194786694868,0,28,4
"160",874.427340826405,13,3.20945213985678,102.876315974827,1,30,13
"161",307.50805284694,13,-16.2679605970354,83.5192655257623,1,34,21
"162",102.016206000767,9,-14.4811850116647,86.6900325436329,1,29,3
"163",715.685877120486,11,-7.7283824546192,92.0541900600822,1,31,34
"164",496.534616565841,7,-19.1323955991137,80.7849087197432,0,28,17
"165",1017.87506937259,12,9.70533924628958,108.609246144991,0,28,40
"166",819.273976722897,10,-4.84821861330949,96.0053971548801,0,34,19
"167",673.164564433614,13,-5.33125073952806,95.8755367644056,0,32,36
"168",804.582547499787,8,-3.88909577424533,96.9610062024499,0,30,1
"169",497.56313397828,11,-8.14742174686191,90.7114528034772,1,30,8
"170",747.439940473032,8,-11.2494039045283,87.1312180825685,1,36,15
"171",922.412783595612,12,1.61221013442719,101.663080770443,1,29,12
"172",353.862435943193,12,-11.9176347422801,88.5861444522228,0,21,21
"173",812.978445011575,15,-5.21972618934196,93.161284591934,0,33,29
"174",1078.36827644008,14,5.35826193823328,105.136642221154,0,31,38
"175",1372.78156572856,13,24.4420660432174,125.91902492698,0,35,20
"176",776.038903929113,13,1.21950711971036,99.8867844742016,1,15,5
"177",969.750977751996,13,3.40419215949415,104.365281838068,0,31,24
"178",701.932600194633,14,-0.254429705288683,99.8558512855747,1,31,40
"179",649.264740199458,12,3.13210087047878,104.811476559812,1,23,4
"180",566.168275300552,14,0.0706998139354126,99.5883862973093,0,43,36
"181",1149.68337672456,14,7.37595572183919,105.788184483486,1,27,13
"182",952.652836001966,15,-4.07715675523903,95.9931962168441,1,28,19
"183",1476.5453357976,16,17.2914540207853,116.633339456608,0,33,7
"184",931.636586199118,17,3.02287642981596,104.059343890251,0,34,14
"185",1010.16621215859,9,-11.4980668037894,87.6385171223648,0,33,7
"186",0,13,-17.9116773902773,81.6512962533219,1,29,26
"187",635.586973624565,12,-6.52742079237778,91.3386282208539,0,34,9
"188",1292.64050373568,12,2.80386271366628,100.164141968729,0,28,36
"189",1041.22898804265,13,-3.00070881008485,98.2104225632008,0,31,14
"190",855.173411357438,16,-7.50308143036061,92.0824563761445,0,24,37
"191",1048.61978362829,12,3.04505092676153,103.279785101654,0,31,20
"192",598.999852606777,12,-11.9310851236545,89.3498265533856,0,35,23
"193",750.394740099251,9,-10.3172861847568,89.1402912766739,1,35,29
"194",328.348285734846,7,-12.4883108754598,86.1788628212277,0,30,9
"195",725.546442275386,17,1.95465765816836,101.34220432017,0,29,12
"196",549.571992412238,11,-6.99023554261489,93.7291397802414,0,25,35
"197",278.557134269437,8,-13.0234219304119,87.0025944515431,1,26,8
"198",576.134819842594,11,-13.235129050719,87.6011987581036,1,27,34
"199",1085.04277934908,14,-4.23044578963203,94.731009820157,1,37,38
"200",1043.4738474399,14,8.25281635538878,109.826672630695,1,38,11
"201",534.713011061165,14,-2.02347008411008,99.4349462586958,1,29,34
"202",907.42952889537,9,-5.54035019771164,97.515367060032,0,35,6
"203",1081.94311677006,12,1.5342179220934,102.980149761539,0,29,30
"204",645.104765762339,11,0.313306965279223,100.669161119337,0,24,18
"205",941.957589964353,13,0.127633256989002,100.961085428686,1,29,38
"206",876.617027654098,14,5.6486476972073,106.521866052276,0,27,25
"207",670.037272452641,15,4.33893163998024,105.288988919388,1,30,7
"208",785.419442643796,16,-1.09690227015833,98.4050537193888,0,33,16
"209",790.746054984212,13,0.455565574737052,98.3287466848609,0,28,39
"210",1438.16060250318,16,13.0833582115379,114.578249421462,1,35,6
"211",1120.39319157651,14,1.88661451621862,101.862237069044,0,25,36
"212",959.652427501874,12,0.11023586796852,97.8739266883625,1,36,8
"213",946.821220178874,9,-15.847072087339,85.8763900455323,1,29,25
"214",1099.49119725768,15,16.5045048549923,116.807224794559,0,37,32
"215",1611.64818361109,18,25.3781716803623,123.841173515473,0,32,29
"216",1261.33824886266,16,16.5317044871558,117.38772675269,1,32,30
"217",1038.1649306201,13,9.49110236682183,108.369215031723,1,32,21
"218",730.530424316177,11,-20.6296583111252,78.8572632417977,1,33,25
"219",25.7764201936637,11,-18.4960424779657,82.3130110244302,1,20,18
"220",833.98520398217,13,-9.22338695565927,91.5226887138796,0,24,10
"221",671.036358635643,10,-5.27989813897784,94.7009299582108,1,31,2
"222",883.734632657073,12,6.00656324126057,104.723746623965,0,29,17
"223",792.0401836333,13,0.813692450540347,100.96110056465,0,19,31
"224",273.709896476518,13,-5.83338179750436,93.0477529406526,1,22,5
"225",1300.87167756815,13,12.2174462367024,114.255329695177,1,26,39
"226",741.70146832479,13,-5.42922182372534,93.6071329092866,1,27,33
"227",571.498371130566,16,-2.02372721059645,98.7233112052438,1,29,39
"228",781.077112255414,15,1.73309243146862,100.917514664491,1,20,1
"229",1240.95077334619,14,8.78753429583084,108.976718875901,0,29,23
"230",1456.40405914275,16,19.3165366414692,119.115260146121,1,22,16
"231",1634.65442390407,21,20.2749349344457,122.629393642938,1,35,18
"232",504.055073407922,10,-20.0251738043982,80.6148817183104,0,34,16
"233",1113.60300666445,13,2.35206595574085,101.805786395647,0,27,23
"234",1303.13737912588,17,5.68451108916922,104.689563251902,1,21,10
"235",556.746875472811,14,-6.80303963362878,94.5588092661944,0,27,35
"236",1568.49992752744,18,11.0203515702779,110.331361881308,1,27,40
"237",568.669132472221,11,-9.86695046113281,89.8965944033932,1,25,37
"238",845.797730714982,12,-2.58208927572891,95.0944592344578,0,32,39
"239",889.918373094432,14,5.75250309807001,104.728768864281,1,31,26
"240",775.167621986516,9,-3.89981298844155,94.6126699908092,1,35,12
"241",460.144397650454,10,-8.33638440818351,90.7448444186879,0,26,35
"242",840.498949417113,11,-6.38517751644076,92.5674449019317,1,37,27
"243",1090.99431303976,15,6.36215040941401,105.77589646989,0,16,20
"244",706.680211480684,7,-7.94299499950919,93.6650656050335,0,30,25
"245",584.305187619031,12,-1.45921719172908,98.1772858109484,0,26,28
"246",842.025244956768,16,-4.22045607248294,95.8802215134313,1,31,27
"247",1232.87747660255,15,6.30336753279177,106.389403825806,0,37,35
"248",664.918682568267,15,3.32246605522731,104.951226748131,0,26,28
"249",194.623411894345,7,-13.5010839973047,87.7703767705392,0,28,40
"250",798.735607419359,15,-6.39702795167712,94.8374488299616,1,35,10
"251",1111.29576006847,12,-0.99078274861125,98.1569942112974,0,27,19
"252",1169.67546845922,17,15.1349212757534,115.401080247594,1,17,1
"253",243.181409590986,9,-23.3409902667348,75.3407886329282,0,36,10
"254",1055.70802341517,11,-6.50707206372509,94.2198540675764,0,34,13
"255",815.552736671285,11,-5.64372208536893,94.6103107482218,1,28,27
"256",1065.85544636239,12,-8.07147839184993,92.3752117306256,0,26,30
"257",1152.06825804072,17,2.07130080994955,102.671766576775,1,23,14
"258",889.110601768188,17,0.159219373100086,99.4479927887938,1,23,11
"259",793.789647333004,13,-9.89201104061277,90.1213999526954,1,33,29
"260",666.923464583795,10,-1.9557130137123,98.3376271048294,1,28,25
"261",851.273027580906,12,5.25067892455523,104.88307918869,0,29,25
"262",683.541129144849,17,5.19281504030775,102.79873416588,1,36,9
"263",536.061558010957,12,-5.24603530009505,94.4431644170203,0,26,36
"264",857.428645318099,15,3.53719577056975,103.674191277531,1,30,23
"265",444.794041181556,12,3.12834219028593,102.867129091397,0,28,7
"266",802.908506232396,11,7.67390515908322,107.639672941552,0,31,27
"267",1011.88467198633,7,-1.3701432685628,97.937662413196,0,32,5
"268",1254.03486133383,12,-2.04161904303402,96.6436234564541,1,32,21
"269",787.47886693017,10,5.78170934211393,106.438365516707,1,30,38
"270",428.221869581763,14,-6.28559796986916,94.1530856594313,1,19,6
"271",645.169289909272,11,4.83750750642493,104.38943674635,1,26,24
"272",1022.7290057782,10,3.5717828514249,103.33000146879,0,37,35
"273",647.867463586749,16,1.85697213634093,101.734867712747,0,37,7
"274",1095.12044931039,14,4.94796096091422,106.001619598653,0,24,19
"275",906.371425692869,8,-19.7360038265566,80.4407000160024,0,28,6
"276",552.355388104831,5,-10.7120334226972,89.3369500809503,1,31,4
"277",764.929292627355,11,-7.24322280451667,91.05748024878,0,33,12
"278",974.964409901613,14,2.90092815307404,105.040940509402,1,34,10
"279",921.957285433671,15,7.06316939206971,106.245841023188,0,35,29
"280",1163.71996033861,15,11.4461273223721,112.016297142275,0,30,21
"281",235.244534526922,11,-11.0963742545306,88.1934508868802,0,25,12
"282",1111.66953272375,10,1.22778341511023,100.681705325781,0,30,8
"283",894.267087712413,13,1.23578258953362,101.49292743874,0,23,36
"284",634.161325252798,17,-7.62043409721417,90.569712873036,1,31,1
"285",361.045123404951,11,-21.5033934311266,79.9242137669262,0,23,24
"286",844.216915104535,14,-2.95400294312426,99.4681807172035,0,20,6
"287",1109.68409011683,14,7.79155342058027,108.12439946726,1,44,23
"288",746.213289723598,12,-1.73147408312187,100.909250332018,1,35,18
"289",1178.60741922074,13,5.54127232512638,106.479009114414,1,33,20
"290",572.741392937084,8,-5.94346423183335,94.0689356468215,0,26,21
"291",923.998886900285,15,-5.0748432230244,93.7560162666264,0,34,15
"292",1302.06255021767,17,2.73315934617135,104.571693120395,1,35,37
"293",1194.87206790146,13,7.9479401332242,106.58052740843,1,23,17
"294",571.601321402694,15,-7.51112272056769,91.3686996317863,0,22,10
"295",920.384670360191,17,1.89515620790416,102.02104994064,0,39,35
"296",926.596556690342,16,0.432956166766759,101.275820145013,0,22,7
"297",957.341374587214,15,0.539081184188538,101.179626389197,1,34,4
"298",658.407838041287,11,-5.86465814800818,93.3851092309051,0,25,10
"299",503.583276779568,8,-10.5481956649615,89.080823851825,1,29,34
"300",1052.81114483219,13,11.3223088352904,110.557550895003,0,39,33
"301",1464.96383523035,13,6.63409455571453,107.478712301069,1,27,15
"302",1399.46645677836,14,3.85965921736689,104.111766266425,1,25,8
"303",402.801620636409,8,-12.9604495893928,87.2294571082269,1,29,31
"304",456.365307648489,12,-18.8287493684839,80.5450386727881,1,30,18
"305",817.215385309693,11,-2.1323412638029,98.5813733487065,0,31,19
"306",1126.21942520403,18,12.1581703624191,112.724946607365,1,33,39
"307",1149.98852997565,15,5.6189817724393,106.019106205511,1,44,4
"308",1080.30241031289,11,8.35218809684502,106.04134095781,1,35,4
"309",1011.1432615752,15,0.194892426251709,98.8836032230651,0,37,25
"310",886.734990307733,7,-1.57133985450323,98.9899432028923,0,24,8
"311",869.235352467333,12,-0.85560256527576,98.9638972996307,1,32,10
"312",988.740251328181,14,0.716748984373063,101.635393377153,1,31,13
"313",594.011912704121,9,-4.93901846427404,94.6073040526276,0,25,35
"314",955.251444504341,16,1.03571744991751,101.418979006967,1,28,2
"315",625.435075111708,11,-8.21543537300472,91.6831210758703,1,25,8
"316",706.321253813419,11,-2.3870478572928,98.3492356430104,0,23,23
"317",1396.99218562235,19,17.8187882558339,118.793953597849,1,24,1
"318",1089.67153054898,16,2.49114561155466,101.921962008975,0,34,1
"319",1439.29647125181,14,21.0001882302085,122.636643675121,1,21,8
"320",1058.92986973215,14,4.04591344226252,103.968656086688,0,28,14
"321",1196.44066171853,15,8.93300097675448,109.897552147909,0,24,11
"322",1285.73942240097,14,7.24994691034637,107.14912093362,1,18,7
"323",533.026471867215,12,-4.44985566322192,95.6998575612747,1,23,8
"324",443.702102252774,12,-8.17976242655986,91.0257298724398,1,28,9
"325",1230.3389511432,14,8.27665656837273,106.731394439817,0,34,16
"326",905.47064930008,12,-0.849053724318175,98.5321619002207,1,39,35
"327",874.221116954341,11,-7.2329081472081,93.848580777105,1,28,11
"328",737.901869439083,6,-7.17682376511289,94.4177698924992,1,36,30
"329",63.4636297812845,8,-18.6338396822792,81.993796452881,1,35,14
"330",1112.50072533575,12,7.05749014400028,107.637098066081,0,35,38
"331",637.970798085465,13,7.0775916342194,107.959449690965,1,24,25
"332",198.369304988601,12,-22.7897575870098,77.0086370716269,0,25,34
"333",759.4409041449,13,-1.26069276900508,97.5584071596486,0,32,5
"334",1282.34063865597,14,7.10347867412842,106.168512888467,1,31,22
"335",896.858815645727,16,3.49970171935521,103.588374507369,0,27,31
"336",313.527735221109,4,-20.9203037592501,80.8881766809851,1,32,10
"337",897.122591639538,17,3.29238498425164,104.453479268489,0,26,20
"338",1402.65944158241,12,9.78430970936497,109.517881499019,1,29,23
"339",764.164821181151,8,-11.9504878505896,88.0684807760314,1,23,19
"340",663.702147797118,11,-8.50004262649616,91.6933802208054,1,34,24
"341",1229.52551231246,12,-6.91820471216725,92.9962347601271,1,38,1
"342",277.924491488808,9,-20.7104130484288,80.0307676816574,1,22,15
"343",791.311784623883,15,4.35033409738997,104.574454113734,0,35,15
"344",185.101633037229,7,-14.6669016810971,84.7242501283173,0,32,3
"345",971.59477392436,9,-7.26229564837835,92.1727775858949,0,36,12
"346",1047.95426054482,16,2.23408142855326,101.753762570476,1,33,31
"347",1405.39682531311,19,19.7585437537203,120.45791318645,1,26,32
"348",377.906797362133,7,-12.8091233976879,86.6011059584184,0,37,8
"349",435.476636556153,11,-26.9908226083061,72.9874793285275,0,30,37
"350",724.535897440558,13,6.59351640533053,106.310809160119,1,30,4
"351",1224.87924997254,17,0.620711864230222,100.260556259369,0,27,36
"352",666.152754575234,9,-11.4967469357645,87.1619751257971,1,24,21
"353",998.33451988616,18,11.1304410374741,110.976661422353,1,28,5
"354",979.110890876291,9,-3.68821912348588,95.2761958487005,0,31,14
"355",964.910054298278,7,-0.375398093782424,99.1221496343368,0,33,9
"356",869.293031709956,16,4.97796782952755,106.337157909942,0,27,33
"357",615.177803174235,15,3.17398229757556,103.070468700286,0,21,19
"358",977.665203510122,15,-1.57578805588126,100.660484071871,0,32,13
"359",888.087747509132,10,-10.0555197897112,90.0806118819246,1,33,6
"360",743.575435733491,10,-1.39894807112462,99.075463965887,0,33,35
"361",796.001153415827,12,-1.18789774835723,99.0454028806376,0,28,2
"362",1238.02330683894,14,0.687257018770882,101.496528558318,1,26,25
"363",1140.31281207076,15,10.0823797979896,109.631127238646,1,29,31
"364",217.630770698412,10,-15.8583269950126,84.1147262292457,1,35,23
"365",815.477701807313,13,4.08253030737383,105.973697517191,0,39,21
"366",1383.99981210522,18,14.3999305630762,113.505749977029,0,26,16
"367",340.615119666216,9,-14.4185412968023,85.693991882691,1,30,29
"368",207.209427803203,9,-10.9259480605923,88.3216597839594,1,24,35
"369",833.103916254877,11,-2.98233598952151,96.8720046596323,0,32,5
"370",1281.24890814093,17,13.4275749813666,114.232053420545,0,34,13
"371",636.61086857668,12,-0.138877795780441,99.4241544262795,0,30,15
"372",532.715202905121,16,0.890293904253322,102.816432269191,1,27,10
"373",1056.92040774235,15,8.25103908644522,109.262339288601,0,29,5
"374",904.874615410324,18,0.865364594881148,102.209528873959,0,24,23
"375",444.90037465846,10,-9.8672213588771,90.0066582255999,1,28,8
"376",1120.36071526446,11,3.34602910783061,103.348693982297,1,29,23
"377",1082.2026247365,12,5.7306231577632,105.704094669344,1,29,24
"378",757.429802380924,14,5.09895367322646,104.7154864201,1,32,39
"379",1287.45034547411,15,11.164018239542,111.845040439763,1,29,8
"380",1244.75023761101,14,11.7321178843549,111.036492771309,0,26,10
"381",964.616483501078,11,-0.611805522648971,98.2556192338292,0,26,6
"382",1639.91436801221,18,13.138616065091,111.944933867845,1,34,32
"383",1559.56063733464,17,15.8705247554392,114.444480936179,0,33,4
"384",1354.23308534032,12,14.8178579684919,112.602738382309,0,35,18
"385",1150.49689638654,15,14.1545622646924,115.315988805936,1,30,3
"386",1037.76072356267,14,1.05837135188475,100.87476508013,1,27,38
"387",574.177370618092,11,-16.5426203027719,83.5247441667063,0,27,8
"388",924.318750583045,14,-6.69323168606601,94.0142203661629,0,23,29
"389",868.951051758542,13,-12.3146119435639,88.9328079981329,0,28,38
"390",410.832329950018,12,-12.4486692162405,86.798212913269,1,29,30
"391",292.905235823222,11,-22.80330745427,77.4393353634956,0,29,10
"392",914.729199881569,12,-8.72388896753827,90.7631180899866,1,32,25
"393",1290.20875783815,17,7.54734928711435,106.896754639399,1,34,5
"394",993.989062754666,11,-11.8828449254193,87.3235751461812,1,26,7
"395",741.653187743536,15,-9.50412738770458,92.1512113365977,1,22,3
"396",504.037096625495,11,-17.8053428915385,82.1081576112302,1,33,11
"397",839.216621607845,13,-4.59589305843945,95.206519866763,1,23,18
"398",931.309525662565,14,-2.72831745291656,95.431584720789,0,29,28
"399",569.4348268096,12,-7.4842359578794,92.2057253148812,0,27,14
"400",842.330016956105,10,-0.0591695239572324,99.7710877661865,0,22,6
"401",843.380689880376,6,-10.1825224362708,91.3237815651325,1,28,24
"402",1206.42185772973,15,17.3161798656483,118.468083277938,1,37,36
"403",885.285684384317,10,3.13393317760304,104.896650618833,0,27,16
"404",1000.59053858668,13,-2.75880466885147,97.2136801793125,1,31,4
"405",994.614571089895,16,15.1780154572248,115.193656516008,1,35,32
"406",1769.10530867829,20,24.4192125393824,123.886983194504,1,26,5
"407",751.329935451099,11,-7.00734948229316,90.7777735422014,1,36,31
"408",1173.94790104154,18,11.0107966495121,111.515790289282,0,28,5
"409",1047.05057899171,15,11.5945619407778,112.632828750091,0,32,34
"410",713.388154568087,14,-1.45956175605265,99.2835567354654,1,23,21
"411",981.117746799801,14,4.84431348325067,103.584640289056,0,25,24
"412",556.769741332232,11,-5.74886798136364,93.2909140439656,1,30,35
"413",996.584706017282,11,-1.87416111511455,96.8689943358181,1,24,35
"414",1769.65379218212,16,23.4750208834262,122.502472918953,1,27,2
"415",829.314254962206,14,6.87594242116703,107.165824760401,0,40,19
"416",928.866306253851,16,0.20833760992536,100.756581319588,0,25,14
"417",524.223713688225,14,3.99729048660042,103.991344026597,1,27,33
"418",1183.23804492965,17,2.72576499448251,102.831653099506,1,22,21
"419",1687.32699420949,16,13.476986795275,113.63337420134,0,31,17
"420",782.890396730767,18,4.82042953937045,104.898655952886,0,26,2
"421",742.224144032119,15,-6.98183782518809,92.3144057099931,0,35,10
"422",767.908467978758,11,3.03128560563014,101.031205980362,0,21,16
"423",737.150081815017,11,-5.19837415417172,91.4598890712889,1,24,4
"424",1308.43885780665,17,9.75661816036402,107.908611383128,0,25,17
"425",988.84832092,13,-2.72626724749797,97.1593654871458,1,28,10
"426",1102.39748220295,17,1.48257920656112,100.712832417995,0,21,34
"427",702.062039537966,11,2.66969061318739,104.065185463311,1,27,9
"428",647.578419843725,11,-1.16117336330544,99.5611223166206,1,29,30
"429",800.849380533263,10,-10.9752736208707,87.7614096478681,1,29,29
"430",1007.50070945612,12,5.77122989440488,106.074939028103,1,28,4
"431",895.879265665501,12,0.638950935454832,99.9332158558142,1,30,19
"432",236.476092389893,8,-15.5650470641791,84.2655498434363,0,24,5
"433",1364.76110901677,14,-2.10462412528554,96.9243469555578,0,21,11
"434",917.89508086681,16,6.49040611589712,105.62043790354,1,32,9
"435",1080.5694148338,15,8.15988708318946,108.573149337102,0,32,7
"436",1137.39166906414,13,4.5302561509939,104.989091228856,0,23,1
"437",896.214977879119,10,6.95048720237708,105.923689192665,1,20,37
"438",954.518901828624,16,4.65950544365404,105.608865891024,0,29,5
"439",662.546991437071,15,-0.298945029824976,99.9459378980468,1,30,16
"440",717.207886859436,13,-1.95495977604967,97.0523112206919,1,31,32
"441",1125.17775618644,14,9.66362781442495,109.733057313403,1,25,4
"442",586.829556722333,11,-1.83105123052488,98.0802975612795,0,28,14
"443",1466.83105275743,13,7.28796760055551,107.706189848971,0,30,13
"444",933.335031308924,13,8.27374970724866,106.419467599147,0,32,31
"445",554.661820900992,12,-10.7212133931805,88.7319871937068,0,26,21
"446",841.952966093252,15,8.54580371190548,109.331124785617,0,29,31
"447",1368.77264344215,20,27.8912989523928,128.338158453585,1,28,32
"448",1256.84165641945,16,7.50832768446555,108.806735513158,1,26,9
"449",1347.78119426211,14,11.5499187663677,112.717846859196,1,30,19
"450",1592.87457093548,12,4.79345056249544,106.710990637511,1,22,13
"451",798.768029355011,14,-3.78522821157879,98.2962582376207,0,33,22
"452",376.700010149002,11,-3.35590272265696,97.551663102396,1,31,39
"453",1275.3545335693,16,1.91091627707965,102.455287365591,1,31,6
"454",657.951321296715,10,-1.67410938802766,97.4770917063886,1,27,15
"455",826.28187627295,10,-4.6035310439042,93.6918544409316,1,42,31
"456",1016.88062178655,15,11.3931514391826,111.766176243873,0,21,23
"457",827.492135310344,11,-1.05301094907721,99.746118657257,1,24,22
"458",461.197346094617,10,-2.29404882771155,97.8439045702571,1,31,35
"459",833.276197762134,11,-6.30330266439528,92.8486037285355,0,25,31
"460",1038.0542651077,13,1.05733773715003,100.652171739034,1,28,18
"461",620.066238739349,13,-3.03625479700721,98.0317885281211,0,27,38
"462",919.258830551297,15,-4.38672748581089,97.7878008096555,1,37,22
"463",664.576221621181,14,4.86928506486052,105.741852293948,1,25,23
"464",576.609956795944,13,-9.52916403762273,88.932311678938,0,29,4
"465",37.9526384710957,8,-23.3390191474772,75.767709053037,0,23,16
"466",413.185669217502,10,-21.3061142696027,77.5683506724673,0,36,39
"467",1362.35649550523,15,9.28668487400581,110.339782883535,0,25,9
"468",1010.6431407929,11,-3.56582070396576,95.9831590266932,0,33,9
"469",835.072433287776,19,6.98676210187085,107.910421383107,0,32,11
"470",995.072895850762,13,3.67167746181946,104.8333135875,1,28,5
"471",635.66192560332,15,1.548708033238,101.337649248836,1,27,7
"472",746.523797277374,11,-3.20828765775045,98.0585784224912,1,35,11
"473",1299.8556824036,13,10.0605483196025,109.438417045885,1,30,26
"474",1372.4917738118,15,7.854462616886,106.778653150178,0,25,38
"475",907.253601604222,11,-0.470748268615932,98.6368061707452,1,29,3
"476",882.638002988844,11,-2.08109954980838,97.86945232584,1,25,2
"477",696.227277094832,15,-1.31022236948366,95.2592009963931,1,28,2
"478",585.957685718749,13,0.0663393187343745,99.9595318646401,0,25,17
"479",853.460427561056,11,-7.14922834146929,91.9802148270252,1,33,10
"480",1206.72625677439,13,-0.115850134295856,100.372201509615,1,37,4
"481",892.380196501999,9,-7.83104538136123,91.5600804622144,0,34,34
"482",1120.75970075153,10,5.90692238786991,105.239489111104,1,32,6
"483",1017.07835638595,12,5.8935970097884,104.20888255794,0,34,22
"484",582.239138449121,11,-4.7508493221586,95.6768283830497,1,27,20
"485",1008.34055109617,14,-11.1877978879383,90.0966511093146,1,36,12
"486",1180.7688692705,16,4.87970632537127,107.236646550212,1,37,27
"487",736.564428498792,11,-4.86944867779668,94.8734152354937,1,33,30
"488",1079.23760968726,10,1.98146827514519,101.064177407281,0,37,38
"489",242.774621108163,9,-15.6939688957666,85.2670049676786,1,33,15
"490",165.932538859152,10,-18.9388337113752,80.3607332488666,1,35,14
"491",1412.28200090247,18,2.32090539588169,102.585551402694,0,28,18
"492",717.09581329974,11,-4.35926261335868,96.887264837415,1,32,27
"493",1244.92516384756,15,-3.11477728072084,96.2685618500769,1,24,21
"494",453.211696812048,6,-12.3614531919889,88.0093708485293,0,26,0
"495",493.283285865599,11,-7.26490875780364,94.7373170223623,1,22,34
"496",659.307815540071,12,-2.79105987692295,95.3734687601763,0,25,22
"497",954.607162664425,10,-14.1348177004956,86.7641800248028,1,24,36
"498",748.494902287676,9,-6.21982181393982,92.8813893542938,0,36,38
"499",1362.21728393628,17,13.1103114184144,113.762232498598,0,35,36
"500",812.103240630384,13,5.36006884180596,105.265948795824,1,33,28
"501",394.665778972671,16,-2.33780903208818,98.4373689579215,1,26,33
"502",766.094957032758,13,7.43960183299273,107.156218147321,1,20,19
"503",1162.99870958227,16,3.9731728316421,103.018853517842,0,28,25
"504",1169.59377169345,11,-0.100933052963318,99.648729824722,1,27,18
"505",822.123398559583,12,-6.644640266387,94.5009915948674,0,33,39
"506",356.414907301653,8,-12.515138571798,87.9607865117342,0,26,11
"507",239.952660379678,9,-15.7659131179161,85.1458267153718,0,28,39
"508",491.835934228647,12,-2.411024766495,99.0128635345948,0,26,27
"509",581.926788507469,8,-15.1510172012264,83.4277565899226,1,38,36
"510",1237.99092863345,14,5.92877751073436,105.343864444422,1,24,27
"511",314.678492584913,11,-10.8421087255892,90.1288470882988,1,27,17
"512",449.439698873555,13,-2.99399866373085,95.3905105076685,1,27,37
"513",450.562429466041,12,-12.9151500426589,87.6394295757036,0,29,6
"514",559.170966745786,15,-3.23351760571369,96.606805416102,0,34,1
"515",1180.06149906176,14,-3.56700924806534,97.7833609193865,1,34,23
"516",444.854831026154,8,-9.58911173391613,88.5240849624189,0,20,20
"517",1346.21281501564,16,12.0908467732971,111.249323440543,1,28,12
"518",446.62852488294,8,-11.159233312626,88.7384814440796,0,29,11
"519",1417.61068628564,19,4.94591381468694,104.422340933448,0,36,24
"520",945.122127066456,14,3.41058695356777,103.379704693556,0,18,16
"521",892.723927423122,14,9.60733141998245,108.525691858866,1,29,12
"522",917.879728604943,13,-2.15090165496984,99.0349758510379,1,27,15
"523",666.013709404907,9,-3.43886370307555,97.9544314226941,0,33,33
"524",457.284841437205,9,-25.002769539946,74.9248566432373,1,31,9
"525",600.052097796691,13,-9.67869630526435,89.3024179897158,1,34,39
"526",832.149335571777,13,-2.38753064294369,97.0819712214796,0,23,25
"527",1547.19859298555,15,16.2424165583227,116.741166935718,0,33,33
"528",634.946598722915,10,-3.88323562660915,96.2606057553921,1,23,9
"529",747.859967722433,14,6.1502140524337,104.68675223333,1,25,31
"530",729.245745135044,10,-5.42524788994052,94.6726114788946,1,38,2
"531",595.612794367703,13,-3.34972212136475,94.9042566168492,0,27,21
"532",428.559419842366,9,-12.3523252551172,87.475152486088,0,31,34
"533",920.750695931807,9,-9.72831813096249,91.4350681701452,0,27,39
"534",580.887750235016,8,-11.7191517371637,87.1844697448982,1,26,16
"535",346.133198721216,7,-12.4692461943586,87.7435637334183,0,31,19
"536",1025.56384291747,16,2.15103141657402,103.233542123608,0,31,17
"537",766.307883484555,9,-14.6525844577866,85.344119611261,1,26,37
"538",1152.86390144015,11,9.19137816585835,110.708820554889,1,36,19
"539",1157.91302250132,13,8.76137420967045,107.832131097297,1,35,38
"540",1657.08415566641,18,25.9623899483174,126.356816566619,0,22,5
"541",1204.83778120951,16,12.9531605574316,111.692190777362,1,24,23
"542",648.122806275348,13,-9.80060548462689,89.8710630306112,1,39,29
"543",1277.49622751042,19,10.9258691825036,110.778553829734,0,29,0
"544",871.306710430291,14,-3.47203027468229,97.8633396552519,1,31,25
"545",264.530907884691,13,-16.1802134085677,84.8134416624578,1,36,15
"546",576.880570643154,12,-16.9621007599969,83.7761199482857,1,23,3
"547",1390.88556463225,16,9.22363476121476,109.306690532239,0,30,27
"548",741.86653814967,12,5.42937123911089,106.187109856325,1,30,24
"549",1442.32956863499,18,11.0141207896601,111.181021800418,1,29,4
"550",696.432374398879,13,-5.22706225844449,94.7820986316285,0,27,16
"551",998.761484205781,11,4.10330783594268,103.073047318224,0,32,4
"552",1210.44810409736,15,15.9324982048494,116.558235661101,1,31,32
"553",704.866211572609,9,-3.39777563844818,96.3695905292021,1,27,33
"554",872.867717186018,10,-5.88904776780146,94.0659148480895,0,34,16
"555",591.220483563328,9,-20.2173817121396,79.3981686138416,1,27,0
"556",834.311316963236,11,-1.11358027492663,98.9359115384172,0,30,24
"557",1179.24151847784,16,3.69902249198811,104.258769089082,1,24,24
"558",1002.15054735694,12,0.931503240639631,100.320019325309,0,36,36
"559",892.663549731078,14,-10.6520068763825,88.8986539077285,1,25,16
"560",1361.73552219951,18,7.63356561774151,108.305989843289,0,24,39
"561",1036.37208858674,15,14.8726127538496,114.029682142348,1,26,10
"562",937.896505130733,10,-7.89843159434627,91.5105744070667,1,42,6
"563",635.205832942201,14,-2.50640872052813,96.6282624626521,1,33,21
"564",323.618801321256,12,-10.620731234752,88.3121380430321,0,32,18
"565",1606.45979104355,17,18.2019908163074,117.739547377174,0,37,21
"566",498.923641074291,11,-7.77566128674755,91.925700027922,1,26,3
"567",924.561768209475,15,0.925214475074286,100.037578842536,0,33,24
"568",486.643080515278,13,-10.7077758454582,88.5005237958555,0,28,27
"569",974.37829034331,13,-7.51099369617022,91.7983234754956,1,27,22
"570",999.742235148334,15,5.12223126686541,104.695516454562,1,28,25
"571",1444.47321448258,15,11.8727734889832,111.789576215371,1,26,12
"572",643.267928007003,14,-1.32903246914719,97.7534141017994,0,26,11
"573",393.485439436028,11,-30.1679835040984,69.7182224425424,1,33,24
"574",851.385526265323,17,0.109611300729002,101.983025597834,1,23,7
"575",851.382212908136,14,0.963473740007289,101.673829429837,1,43,37
"576",793.372699071583,13,3.24586709088816,102.663449857781,0,22,40
"577",424.1699393801,12,-17.5057488935021,83.8703968707198,0,28,30
"578",533.609728916568,11,0.383211284009287,99.6496558300611,0,22,20
"579",744.552933195277,14,-2.43632074757836,97.0082361860834,1,22,37
"580",957.673820765023,13,-5.73781248529198,95.4810533473402,0,31,25
"581",1008.19547030736,15,16.8872735733657,118.590179650371,1,30,16
"582",700.324048342054,11,-7.69800411577783,91.1743863419031,0,34,8
"583",659.089071898265,13,-11.1753380112898,87.9924116177269,0,34,29
"584",779.446958390383,18,5.65273340888096,105.727444232155,0,24,37
"585",1251.25550249065,10,1.82042363165788,102.378091892434,0,34,28
"586",865.775483935366,10,-4.78228883574801,95.0759846292504,0,31,36
"587",518.935857033201,8,-14.7359698107162,85.3390538711196,0,28,9
"588",1445.05554608379,17,19.7718590074314,120.211612834668,0,31,22
"589",972.853338516481,12,2.35204581814533,102.168758318444,1,31,8
"590",984.197806613019,16,-9.83968205597947,88.4690061500389,0,34,21
"591",520.719345991644,8,-10.2394631981931,87.5357708166491,0,22,39
"592",781.317808136052,11,-5.22525566723692,97.1568934810859,1,31,32
"593",1225.28012676062,12,-3.37770242222953,95.5561155653551,0,33,8
"594",978.269099275252,14,3.67923978408037,102.257928426464,0,25,16
"595",765.779091162393,12,9.47090359230396,110.13188109954,0,33,33
"596",867.903874824891,14,5.48098099241729,105.954439876414,1,32,18
"597",1135.43547426186,16,16.5094394918408,116.73345544832,1,30,16
"598",732.88065851209,12,-2.73032358611509,96.4709415982833,1,38,1
"599",808.683337988462,8,-13.824863298816,86.1653425633317,0,36,5
"600",262.715433757654,8,-19.1565930204494,81.4454905887744,1,27,27
"601",477.493436833196,12,8.08484676348432,109.664959502768,1,40,2
"602",682.096404347933,14,1.10431583985964,101.138417968295,0,30,40
"603",508.087664586501,11,-10.2213621834282,90.0356088383923,0,27,5
"604",917.323243190874,14,8.27383931622727,109.541387412161,0,26,25
"605",867.911828576839,11,-8.31938401686807,94.7251288317933,1,30,1
"606",684.097815828134,11,-5.29609996071871,94.2942366995738,1,34,3
"607",895.241919719916,17,1.71469800153141,100.828882743342,1,43,8
"608",1276.79789871986,14,6.17032641117085,105.16681311864,0,37,32
"609",1236.49697177339,15,6.739803991872,107.555366931566,0,35,33
"610",1244.06357245719,10,-1.74059028174775,98.3526731352745,1,35,29
"611",573.010592877606,15,-0.0813488954267207,99.9236335679366,1,28,11
"612",475.535518517258,12,-8.15023496937491,94.1520852411516,1,26,26
"613",992.917820973539,12,1.79697572755168,100.386363735665,1,28,38
"614",589.630026744255,7,-2.71251265521967,97.0269587300784,0,30,21
"615",1400.67627452182,15,10.8292783571881,109.857284210123,1,30,17
"616",1005.41992034161,17,6.01523305488486,104.269686402557,0,40,29
"617",978.981536140921,17,-8.98148183308859,91.2809733800544,1,30,7
"618",1119.22680034169,14,0.846588837818661,102.026799209126,1,29,13
"619",1044.74049372275,11,-5.07313730308073,95.4913505913112,1,30,16
"620",1117.68140292529,14,3.63314994132285,103.851504641545,0,26,2
"621",673.291317131065,13,-2.29936314554236,99.3965191910226,1,30,11
"622",841.561717530082,10,-1.15168617810548,98.5856787932647,1,28,29
"623",761.29619630486,14,1.52550384150943,99.2896910926276,0,30,13
"624",650.104836104827,13,-4.44938930279916,95.7745065961629,0,34,24
"625",1243.94771955255,14,6.37632562133819,105.953380012924,1,34,21
"626",718.849078022752,16,0.294986093440435,99.6233690331597,0,31,34
"627",997.979262148256,14,-2.40125840923785,97.7457178457645,0,23,21
"628",699.264336260899,13,-19.1633460262923,80.2531933899399,1,34,4
"629",828.344760832932,14,5.09430718964424,106.587340036879,1,32,31
"630",484.200591507944,12,-9.20684504944,89.7619607214857,0,30,3
"631",1379.22812866793,16,19.7032579465288,120.263175431354,1,24,28
"632",175.430755223247,10,-16.9473578531269,83.0037866003898,1,18,2
"633",560.317685964931,13,-17.0620699304019,82.4488988904432,1,27,31
"634",758.632644056661,14,1.44919620827053,102.274515789442,0,35,31
"635",71.5950946400502,9,-27.8005038453826,71.7439139670154,1,29,22
"636",946.93251987978,17,2.24425660946538,104.990017140889,1,29,34
"637",682.512641086575,11,-3.3317133079155,98.5168726586382,1,30,8
"638",299.054404601096,11,-12.7965879455489,86.8814467928935,1,23,9
"639",831.621617407929,11,-12.4335492121587,87.4174854227601,1,34,27
"640",979.657508382099,13,-1.16767496064793,98.1384575156741,1,34,18
"641",631.482805880077,10,0.422847352868541,101.041225532263,0,26,26
"642",1002.83782394477,15,2.73548911047889,103.796864826878,1,41,3
"643",1695.90104373413,18,16.586860585293,115.480844618708,0,24,14
"644",1174.31303574305,15,4.29337003530365,104.195924042679,0,27,32
"645",803.834226071024,12,7.0051268603913,106.833979857403,1,31,14
"646",369.129976517121,11,5.4164959077964,105.118975648606,0,23,2
"647",631.789785677436,13,-1.88308070994076,98.6517296439527,1,31,35
"648",530.683325261252,13,-0.663901409777178,100.078436702047,1,25,22
"649",1576.43555763354,18,14.1169026757551,115.177259659837,0,28,36
"650",870.437576043506,14,10.7076350442287,111.227498565493,0,27,30
"651",909.784805092447,11,-2.17881031066422,96.0709160762887,1,34,22
"652",758.534769671952,15,9.42513626248836,110.979011931372,1,41,19
"653",1441.34656120388,15,16.5332609013919,116.162732585461,0,28,14
"654",714.917402505862,13,-5.67352871644562,95.5410599586437,0,32,23
"655",1391.45897914022,13,17.7853403593097,118.078501839574,1,19,38
"656",778.055081711428,13,-6.16535243024464,92.434306871248,1,35,10
"657",939.610003222929,11,-3.91212879137558,96.5104411261118,0,30,4
"658",496.860178536867,8,-10.4053896022075,90.3095410657703,1,33,10
"659",949.455034809034,16,11.316378009269,111.640793311119,0,30,7
"660",818.760856543235,13,-6.06827544297788,93.1849211663112,0,32,21
"661",1031.05207169688,13,2.82455256435131,102.465854534272,0,36,32
"662",1074.75189540219,12,1.52013135815656,100.136350529603,1,29,19
"663",483.867979483215,10,-6.30879879428833,94.4249952770384,0,33,7
"664",1452.54374118607,15,14.3218782279558,113.760432597543,0,24,16
"665",923.978339920787,16,7.68074864852747,107.927535703617,1,36,33
"666",625.992556776149,13,-3.08252124931707,98.6538076429693,1,33,38
"667",1110.44634604604,15,15.5028358801515,116.985336755296,0,35,7
"668",367.891323909194,10,-14.5796073969686,86.284400945514,0,30,14
"669",1801.91009780927,12,19.0925105645207,118.51089669877,0,24,28
"670",312.239363615611,13,-15.9318327207278,83.8631157715125,1,33,38
"671",1221.83527170447,17,1.00379914054715,100.699571667079,1,30,17
"672",642.891233061399,10,-5.73051040071821,94.0893374023592,1,35,5
"673",782.037541756906,12,-14.5094130969453,86.0703729910116,0,35,33
"674",917.162189189479,16,5.14913061678726,103.082485764759,1,36,32
"675",1032.6190705457,11,5.7124180976545,104.701604442348,0,23,36
"676",761.619486421714,13,-4.04071282562928,97.0692068790955,1,22,28
"677",1285.57406525943,17,12.4987752537795,112.474491456796,1,27,18
"678",555.530929408167,7,-2.67814232922953,98.1002407231857,1,27,3
"679",857.573047668872,11,-6.08202386003886,93.6993026306769,1,31,29
"680",1276.94172763847,15,6.89535507624547,106.058015296614,0,39,37
"681",1045.76885185002,13,-5.67598464228004,94.749776044269,1,36,1
"682",704.94146861466,11,-9.54699342301388,90.2877163524236,1,24,4
"683",1359.8819512076,15,4.84174420975015,105.077556962819,0,32,16
"684",1048.21596827285,15,3.16638609556405,105.197808899439,0,27,6
"685",924.57336569776,14,2.78998102633044,102.381232349788,0,31,5
"686",776.748616764307,12,8.82316665828989,107.967518570452,1,30,11
"687",752.695103316154,15,7.28772263106547,105.977074515976,1,30,23
"688",0,10,-14.171574041161,84.5314323142183,0,29,6
"689",778.830149686226,14,-3.10893628927894,97.5343345120842,1,31,20
"690",691.885154669627,10,-4.74849328127323,94.7213639427279,1,35,14
"691",1246.59539970707,15,17.6787444409637,117.471168238466,0,34,16
"692",1112.44562760467,16,1.64289696057005,102.192348567689,0,31,11
"693",245.394260613495,13,-13.3692108051022,84.8050109176386,1,30,17
"694",1075.53922533331,12,-0.168107326145645,99.8045915602391,1,33,19
"695",863.576062413483,11,1.99105663875129,101.169283082571,0,31,33
"696",870.951664933451,10,-8.90395976071075,91.1437773559262,1,28,14
"697",1276.28513231298,14,18.5356711108614,117.663386822896,1,31,18
"698",719.222019551595,10,-8.03581035586982,91.7241798155603,0,30,0
"699",398.377925789771,9,-14.5836938891355,85.8906276472938,1,27,39
"700",909.519346709291,16,-3.84915101886925,95.1148589535032,0,33,13
"701",740.460180795452,12,-10.1038278048653,87.6488467086245,0,31,1
"702",956.953603992519,13,6.8786115499122,107.57931859696,1,34,14
"703",763.438571084441,14,9.82807841950269,108.245882791769,1,32,26
"704",778.415626487344,11,-1.09969973461434,96.5546741274469,0,32,11
"705",812.665460503175,15,-1.13250579391406,99.6123057565936,0,24,39
"706",1076.89631725348,14,4.9990570001018,104.50922067866,0,34,3
"707",721.621323268621,13,-1.9607818353876,97.1718303811664,0,26,5
"708",1110.56727647523,16,11.4580831681318,112.406991139595,1,25,11
"709",861.964443501413,16,4.43371353239809,104.561574842902,1,20,9
"710",1305.04675437183,15,6.44858365823177,106.632084312984,0,24,38
"711",1113.0662284766,17,6.98242506731646,106.44541382288,0,23,14
"712",1022.62614405456,19,1.57582212551926,101.001702396609,0,28,16
"713",900.477237600868,11,5.10854401952984,103.857880031059,1,34,21
"714",914.630605248358,11,-3.45836452204748,96.3347249835195,1,32,11
"715",1217.74882284413,15,15.8513504590643,114.28831867991,1,36,16
"716",880.536217406752,13,1.23532878006186,103.018198033139,1,31,17
"717",1045.00755420323,15,4.98873304331253,104.413762915842,1,28,13
"718",847.188656973873,15,0.871785501371983,101.37151562405,0,24,0
"719",448.970187005142,12,-4.48195823400232,96.1134187936121,1,25,39
"720",1210.63502194685,11,1.46877949562892,102.932711403794,0,34,5
"721",1476.87545897662,19,22.9876621526272,122.816532953868,0,25,22
"722",1372.51960122888,14,3.85218214811737,103.283705412087,0,39,35
"723",530.996352620561,6,-14.8928121099397,84.7350156115925,1,30,35
"724",1239.33680503464,14,9.84743716291489,111.132469037157,0,29,24
"725",1014.23423010297,17,1.85883318710674,102.017063443836,0,30,0
"726",842.136944177342,11,-0.0141496044827191,99.2202533677381,0,33,13
"727",972.442774860932,15,4.10021282231231,105.280260572559,1,30,35
"728",1147.8289966241,12,0.309984636108402,98.8836753535287,0,31,20
"729",1101.26341425737,15,3.38023593061941,102.962621365001,0,33,36
"730",532.899235676105,9,-17.5786704305806,81.9939423447481,1,29,39
"731",1065.58709663887,14,1.31027405966198,101.802537308608,1,46,13
"732",758.112373779693,14,-6.10160819941846,95.3193706793549,0,33,1
"733",1124.48401961017,19,10.1763463471916,110.229594033465,1,31,16
"734",765.035561782404,13,-15.85186891585,83.9830508958218,1,30,31
"735",1440.92190225111,17,9.81088189092857,110.390655286793,1,28,38
"736",537.763928216387,11,2.96672153559341,103.009043165437,0,32,29
"737",1089.11797753927,17,5.01333969320481,105.725746401775,0,32,21
"738",193.977383719268,11,-34.9190438371103,62.6261441249261,1,35,29
"739",1485.92631751656,12,6.89460488432126,108.674613339019,0,27,34
"740",802.450219882937,12,-1.87376607409741,97.0657165941035,0,26,33
"741",872.029582373398,12,-2.06029505629173,98.8711415549369,1,30,29
"742",1216.36476230915,12,5.40632911982751,107.16697094305,1,30,18
"743",1335.05987542361,14,9.24377027768746,107.761615402336,0,30,17
"744",1160.55961556744,11,3.54009962319206,102.031313189027,0,31,33
"745",1126.2649804761,16,7.14352161265899,107.200864768764,0,28,15
"746",1600.32230985635,20,24.0692955520764,124.489892112965,0,28,27
"747",699.25640088516,11,-0.456005291354627,99.1433296217185,1,27,3
"748",486.625952652208,8,-10.6303087663031,91.0242522933831,1,29,33
"749",1152.58301861229,13,11.5627122676097,111.004927003404,1,24,1
"750",1213.39213050796,13,-3.59761571916844,94.640989403143,0,28,5
"751",297.939798317602,10,-13.901854849026,84.3728589684337,0,28,20
"752",334.580007384659,14,-16.083912279209,85.6646476813848,0,35,27
"753",894.487504052046,13,1.80512344753853,100.494472958367,1,28,24
"754",1075.64385993096,14,3.65643645971719,104.704955378169,0,29,36
"755",362.058714575028,12,-6.43781390915434,93.0901356010848,1,28,12
"756",1398.49834259533,13,5.05796725965058,106.785823794048,1,30,22
"757",854.175965461641,10,-8.0414362501566,92.1237654917366,0,25,29
"758",801.581737557584,14,-0.0741297369660244,99.6322631041883,0,30,6
"759",1379.66910996834,15,4.71157590309779,103.664303630943,0,35,27
"760",347.774118555249,13,-19.2753012035342,79.8011781212873,0,33,35
"761",55.1479935377916,7,-19.6104499083843,79.1822495810454,1,28,15
"762",922.84879338348,18,2.10828628274856,101.602112095378,1,25,1
"763",1200.90222140902,13,10.3613252020262,111.312124951472,1,26,21
"764",657.787952748635,12,2.10804589592467,103.758576505688,0,27,5
"765",1494.79472849905,13,15.4236861144495,115.768047698353,0,24,36
"766",929.928905267789,17,13.6093123429306,113.512236760398,1,28,9
"767",910.633946733703,15,6.29316992470627,106.118393661053,1,33,25
"768",934.368966980166,14,1.16833016975939,101.838032459945,0,23,15
"769",1095.59492141662,18,4.5416079817184,104.303145306985,0,40,32
"770",1128.98122702812,17,7.78022047257963,107.289605548619,1,31,38
"771",654.482535238833,9,-1.4297987106494,98.9453156227902,0,36,27
"772",1006.9487154851,14,0.694717893650619,100.58258521975,1,26,0
"773",689.624834409772,12,-15.9230129697931,83.4040110367131,0,31,38
"774",1061.9500483918,13,12.5473443704009,113.165041487435,0,25,20
"775",604.773675770954,16,2.13991695789671,100.883416765838,0,30,22
"776",1385.75815461647,21,20.1787740410804,118.947888421359,1,29,2
"777",985.19492002562,12,2.15108291726756,103.581967999509,1,26,6
"778",604.239390691739,11,-13.0111803073516,87.3401882563785,1,21,30
"779",811.263366375398,14,-22.8618112586974,75.3780575982673,0,35,13
"780",1305.96339926047,15,8.90266941691253,108.081951044081,0,42,25
"781",591.405949367336,17,-6.50777311394448,94.2059547633031,1,27,24
"782",310.322240375545,10,-6.08274410135156,91.210350028293,0,33,2
"783",855.2927409018,11,-3.1787444265967,98.5442031857733,0,36,16
"784",901.478208291619,15,7.32928046127011,109.368175022565,1,38,12
"785",823.241866820449,11,-6.24455416680944,91.1823869252197,1,37,17
"786",1630.75436871004,16,23.9032434421531,124.860117260693,1,23,14
"787",1438.15094098677,17,11.4472897139229,111.681677509496,1,24,30
"788",550.372391088381,14,-6.22663620466396,92.8295765814484,1,31,38
"789",786.959047639063,8,-1.45075611732606,98.8868312308067,1,28,9
"790",1431.87281276616,17,13.2318547060801,112.43638936849,0,27,33
"791",699.762858513239,12,-0.505804917793729,96.5042536275328,0,30,1
"792",522.740298962168,11,-2.11335084949138,97.2226290522979,0,22,38
"793",664.71581235571,8,-8.59296788277982,90.9383898101493,0,23,39
"794",835.905516482041,11,-2.78045274142297,96.0445009540873,1,31,33
"795",1377.76259485408,17,16.4893548498057,116.798661385415,1,28,27
"796",1561.80338341165,16,19.8851333573074,120.815098629152,0,36,12
"797",1528.39511591665,16,7.0440393203423,107.365527950477,1,28,34
"798",1035.16228038298,15,7.25944241293388,106.260077622037,1,30,34
"799",561.427106409958,12,-8.82601800574925,90.9907274366509,0,35,15
"800",1150.73106054955,14,4.15215084233204,104.057876669637,1,28,35
"801",1254.11860272965,15,12.6556763029076,110.729072642964,0,29,21
"802",234.551065396266,13,-9.43254152479962,91.2754115990807,1,31,23
"803",1759.99393551961,19,26.3878441777502,127.268536198233,1,25,1
"804",1406.19231670554,14,16.3282316778313,116.915176990417,1,36,36
"805",1501.42245670413,17,20.0180243828453,120.481115011718,1,29,26
"806",926.022747173806,13,6.16539683535549,105.242164458256,1,28,22
"807",465.144613890346,11,-4.28464482536939,96.1945499497437,1,29,27
"808",740.555286425023,15,-9.13112471742706,89.7617653392812,1,36,38
"809",1171.04004477962,14,1.17042964439567,102.521392857819,1,32,7
"810",598.86656415814,12,-6.73812054134773,92.8085573732462,1,30,18
"811",1445.21362032224,14,9.05681845099797,110.427066594754,0,36,12
"812",1304.11085324003,17,14.2080652164505,115.924738738475,0,34,18
"813",279.892672463504,8,-17.2457774604491,83.1235000276453,0,37,36
"814",1170.2215940967,15,5.65674447051324,106.456313890236,1,35,31
"815",979.134512316659,8,-10.1102348019911,88.6745598927046,1,20,27
"816",723.656761593531,9,-18.7705551734147,79.3680067878742,1,18,25
"817",650.900188725722,14,-5.69489345251862,95.0431753940331,0,36,16
"818",1189.34960953632,13,0.342775482600592,100.128755623176,0,35,2
"819",1340.43394120417,14,11.9568263117751,109.198326521123,1,26,26
"820",912.079720530332,14,15.2288015895749,115.493174756494,1,29,9
"821",1193.59977189369,14,2.345514977404,104.542172350796,0,31,4
"822",1014.23584839558,15,11.3342894246334,111.027548088931,1,37,5
"823",1035.54224890793,12,-0.727146210583596,100.432680442715,0,33,35
"824",1010.63587257838,15,5.63960592347971,106.265632238086,1,36,26
"825",1240.46865181529,17,5.88545162570297,105.570923128747,0,34,1
"826",1023.92372784636,12,7.58024886325158,107.085991385608,1,27,5
"827",885.47029097105,13,14.6644849598961,114.23147386463,0,30,6
"828",1142.09668030136,15,8.4808509260659,108.789097983637,1,27,19
"829",807.100019717822,12,-0.159398490340046,99.5666434936412,0,35,30
"830",1274.12728726741,12,5.93964408683722,107.032580533626,0,28,34
"831",536.923938561264,12,-7.1855407959819,92.6787833483708,1,34,35
"832",1002.96952173627,13,-2.36544846072359,96.1627404431163,1,30,0
"833",1384.33917192514,16,18.7840071234573,117.334878831463,1,26,2
"834",1017.90759410101,12,-4.35371635619429,96.374332904803,0,28,8
"835",278.66631205846,12,-8.32145628620457,93.5639502561441,0,20,29
"836",1121.97370197085,15,3.64204784549213,104.655862289707,1,22,32
"837",935.161888241253,15,5.07845773642478,103.13007068991,1,28,25
"838",640.659080909251,13,-8.15972231279537,90.8932774304819,1,33,6
"839",1299.79903733654,15,8.8000399324755,108.554992705241,0,29,19
"840",1238.11448262253,15,5.96027028054067,105.938346156699,1,27,30
"841",883.656499112695,11,-11.9960127318097,88.3324706381518,1,34,11
"842",1245.38781602322,11,0.398054020190518,100.829248420006,1,33,30
"843",1061.68605901696,13,-0.95428160720704,100.213942680518,1,39,8
"844",744.685820156341,10,-7.89365954918018,91.9585005727581,1,32,15
"845",807.245626630402,12,-0.136311079725895,100.337198307193,1,27,22
"846",1474.54016213843,16,17.1878085297602,118.156893022005,1,31,18
"847",574.152350296615,14,3.09341317011631,102.930696526889,0,28,35
"848",876.687812426329,12,-5.10773917399723,94.713696227959,1,30,24
"849",808.336812323875,15,1.69028999092414,102.437835580842,1,23,3
"850",649.79766332188,13,-0.395957079905725,99.2013438100038,0,32,5
"851",602.725568465734,12,-14.3647461124315,85.6628680979276,1,35,6
"852",1126.75377655587,15,12.1979541387877,110.366536519901,1,36,34
"853",937.761296960912,17,1.32599633828442,100.208446153542,1,26,38
"854",49.7781735746411,11,-19.5248483290879,80.9997265166998,0,35,36
"855",636.994818545086,12,-6.56813727933413,94.3800195829237,1,21,5
"856",1329.96355223521,14,10.7577830364795,112.71181627169,1,39,32
"857",940.772784622014,13,1.70520137416775,101.90484570041,0,35,0
"858",703.522742512806,11,-4.50356294268596,95.8032716619898,0,31,28
"859",885.834972331451,16,-2.11569863135372,98.6559821704595,1,25,20
"860",922.408378499173,13,3.12907990060093,103.307409862554,0,32,11
"861",1129.53696900169,13,13.5487815628585,112.622579196439,0,28,25
"862",973.115756869523,15,16.0647346413866,114.869195316419,1,27,40
"863",936.382685657685,16,4.38729404509727,104.489911515962,0,32,20
"864",1110.15760631934,13,7.61079860638587,107.29490296476,1,36,37
"865",878.086978856092,13,-4.09518843814187,96.5921433738376,0,28,8
"866",753.756478439272,16,5.73203494113786,105.802782251459,1,35,19
"867",417.922583120262,11,-9.40059334127335,90.6366212487077,1,26,25
"868",691.45541249308,14,-0.238176573944201,99.9754766936883,0,30,8
"869",1100.1533229441,13,6.76615045940895,106.725321585583,1,33,17
"870",110.849398980261,11,-18.0809656119411,82.1708243806708,0,22,27
"871",381.169004824782,11,-5.97578224088044,94.4175279956416,0,30,33
"872",780.085781166023,11,-5.40052629298228,93.4183357448962,1,29,14
"873",1099.56271973208,14,6.35436755470978,105.084538346865,1,19,25
"874",936.183300367368,12,-3.25216959491497,93.8890416525516,1,30,14
"875",885.649425322846,12,3.13788411569352,102.252830015992,1,29,30
"876",215.095910722433,11,-1.87873787988053,98.6022959773352,1,35,23
"877",993.609762007766,14,-3.90491536795812,95.8253985168413,0,31,25
"878",1397.66231121774,17,14.1852656794633,113.741653084706,0,22,16
"879",530.078099882144,8,-19.5106901086707,80.4088672530012,0,33,26
"880",794.119381228792,14,-3.8784897638183,96.7563339031529,1,28,27
"881",959.387353968038,13,7.91801603670718,108.82822357861,1,28,31
"882",933.462706771142,12,9.00357344795666,110.411717019254,0,34,31
"883",1394.77140320233,16,15.0864095584794,114.857993909514,0,34,0
"884",954.235260994048,15,5.56253567299321,106.155162084095,0,23,9
"885",379.342154014712,12,-17.3780582074945,82.6522744098715,1,35,28
"886",932.799192138197,18,0.91967006681738,99.5893439803256,0,29,36
"887",1060.49152946218,12,-1.55209795877836,99.1559244840476,0,37,4
"888",1147.63860297875,12,10.0892115276978,109.314187627723,1,30,27
"889",1457.57195434878,11,7.11965777205802,108.910757888045,0,33,26
"890",1458.60978540754,16,13.2245939031993,111.347994930611,1,26,37
"891",906.3475660112,11,-4.70393147922154,95.179489250448,1,32,36
"892",295.075815940037,9,-24.3325998600056,75.5397441767503,1,23,1
"893",601.905265010375,10,-7.09425505859913,92.693059794041,1,32,13
"894",460.017160668275,10,-13.1209791730058,88.595335081048,1,19,35
"895",652.448909941387,10,-6.20337850762894,96.2083759125018,0,30,8
"896",876.846375083925,12,-3.13940087104983,97.2613484540062,0,31,20
"897",1157.61766476864,14,10.8931442333919,109.88447095913,0,24,19
"898",948.014382837738,14,17.8596024263204,118.504907791157,1,36,21
"899",1854.0471485483,16,20.6206520306939,118.322799643774,1,31,38
"900",1089.92734549166,11,-5.2572681084613,94.2700125397755,0,35,21
"901",639.079283137908,13,-6.8678128527041,92.2412326537167,0,26,22
"902",1214.70328021966,18,11.3199824100835,109.910093310074,0,36,26
"903",569.865354727002,8,-13.6775063319663,86.8513024760656,1,34,22
"904",467.563737330466,11,0.791005554930614,99.6968567299187,1,24,2
"905",830.295705035828,14,-8.71405591028822,89.6587586357761,0,41,12
"906",1340.90343650674,15,8.64739325610876,108.619970764634,0,34,19
"907",1353.49997917467,16,-1.19678255010345,99.8799834429302,1,31,12
"908",579.155899827197,13,0.892030248898613,100.006687580138,1,26,21
"909",965.202260064482,16,1.48857767464125,102.47368088463,1,31,18
"910",635.014850437726,13,-3.57689744010136,95.8413460371337,1,30,32
"911",828.892586706771,17,2.25258150439016,101.449070647337,0,38,2
"912",937.06589956376,16,7.7952759107067,107.378906670152,1,35,15
"913",591.465567748768,15,1.17136385166942,100.845557374444,0,21,36
"914",969.6205061558,11,5.30084094297893,104.545533036677,1,29,21
"915",1429.48592866363,16,14.3122921313807,115.043331673432,1,33,15
"916",1279.44244515105,16,10.5931920283678,111.494515076488,1,39,17
"917",111.729115069137,7,-17.5494994618273,83.8376998150331,1,18,1
"918",878.141405734808,16,-3.81216219686508,97.7005961939197,0,27,24
"919",1241.35885072348,16,4.10308009820155,103.878386074589,1,28,20
"920",1094.84114556714,16,-0.558579512032058,98.9180124457035,1,24,4
"921",1175.68651298677,12,1.80313837038148,100.236900670363,0,20,16
"922",1179.63732038981,16,4.51323003564721,106.409085000696,0,30,2
"923",701.970524172603,9,-10.4118285556099,89.450745772848,1,28,1
"924",817.499067507639,12,-7.03016253054848,90.5151312216309,1,30,9
"925",0,10,-22.1969889907303,78.5693920171508,1,34,39
"926",612.020899795611,8,-12.1183787723376,90.7012215645603,1,34,2
"927",384.683165595296,12,0.983178269144358,100.915628685158,1,34,5
"928",728.839007136565,12,-2.3007839380562,97.4596852312763,1,25,37
"929",1212.64291308189,12,3.49821401510384,103.002442800799,1,29,4
"930",663.035898915543,14,-8.60447543881268,91.019101360292,0,32,38
"931",409.385264502395,8,0.0671011682813723,102.118387635289,1,28,27
"932",962.030631270084,14,2.94735791983907,102.600555277648,0,22,0
"933",1226.88966070253,17,12.8096366415558,112.147768096204,1,35,34
"934",1066.8869553961,15,10.6101314196134,112.658592683523,0,24,21
"935",913.100973831125,14,1.60413867140588,101.013693031064,1,30,17
"936",1067.86884021577,13,6.53077825869084,106.579373377592,1,29,34
"937",1308.55521323017,15,8.22881911519286,109.066675800536,1,30,24
"938",938.795644012717,16,1.14516457015561,100.01148039194,0,32,3
"939",690.973435902075,14,-5.07742755540811,95.8044539371745,1,45,5
"940",1213.06262061112,17,13.5064348833723,113.404107386126,0,31,16
"941",967.18557929638,15,9.18670955198539,107.42119365871,1,31,33
"942",543.541071854563,15,-2.51242862041138,96.9628992832188,1,26,15
"943",684.530573295098,13,0.243598746700988,100.365936277214,0,28,25
"944",999.755071962773,20,2.11109397057243,103.909327653268,0,41,24
"945",563.911896103538,13,-2.95778474192439,95.9155643605098,0,32,22
"946",722.791185340779,13,-2.15557527756906,98.2464684798041,1,37,23
"947",1155.4679939289,12,-6.67425948519254,93.7099839676897,0,31,31
"948",886.541390174651,13,1.01415367449733,99.8638399878565,1,30,28
"949",735.968973748829,13,-2.93162538095133,98.6871721925255,1,28,34
"950",890.576230507308,12,3.1193481050502,103.722554305625,0,27,39
"951",801.680853578926,11,-6.53638499514004,93.0646031431366,1,39,9
"952",761.128701722764,12,-6.92179654326491,91.7988662092283,1,35,34
"953",1063.32764276467,15,3.35714765998284,105.259333554677,1,22,27
"954",1489.74870784904,17,15.3961570607925,115.855584713767,0,21,12
"955",953.157863699088,12,-2.17418028140644,97.1586453037842,0,31,6
"956",956.037948530567,12,3.33506500175778,104.309841530962,1,27,31
"957",488.571793969442,11,-5.75460990515056,94.295032546358,0,24,39
"958",761.947449359843,10,-2.76578005596533,94.7854138822484,1,34,34
"959",326.812471166672,9,-14.6657992820209,84.4643194007207,1,40,27
"960",1204.81009020972,14,9.02887811497077,108.552077660856,1,31,32
"961",713.458653259067,10,-10.7497881997129,88.9631285554052,1,30,19
"962",510.604907643994,9,-12.7706390830354,87.0228244736641,0,28,18
"963",430.174185951976,13,4.71524431740171,105.00212176021,0,37,12
"964",742.659044790047,12,3.65142685976054,102.739024523084,1,32,1
"965",783.767768099802,12,15.2502808957286,115.388653550051,1,25,17
"966",1446.76438450299,16,25.7360141280731,126.860186301927,1,30,39
"967",766.087476973485,16,0.652009103335165,101.639759912915,1,29,5
"968",1060.49586559956,14,7.47883413713543,107.543618417592,0,41,29
"969",1424.09250424222,14,16.4415994489528,115.408087113069,0,33,21
"970",1336.96985868703,17,3.51906495734754,102.940553507761,1,34,38
"971",986.385461453634,14,-3.75849230253971,96.5867463731586,1,38,29
"972",848.440121298075,13,-3.40217519697278,96.3618795630513,0,38,36
"973",1295.86996839498,14,16.5000136847434,116.846894517187,0,35,12
"974",515.362377670168,10,-9.13531154836244,90.4395405723303,0,27,25
"975",874.174246684331,17,0.209216652431182,101.170619145324,1,33,8
"976",722.414167989747,15,6.36146149913594,106.439479407292,1,28,34
"977",908.324342725945,14,-7.43716443216431,92.7257237462502,0,32,2
"978",771.976945788302,12,-4.0931715499442,96.9927204256151,1,27,31
"979",690.164280604793,14,-1.16506996219917,98.690339279365,1,27,29
"980",1128.49173858968,18,10.183076832878,110.843875923606,1,27,31
"981",714.194955044648,14,3.16241168329076,104.167456780192,1,23,25
"982",1172.97142067394,14,6.83078541259381,105.611283806058,1,36,33
"983",799.444022468073,12,-5.70454853269646,93.2906626476754,0,32,17
"984",702.781946179777,11,-5.99909915255403,94.0813871986832,1,21,38
"985",397.6307293175,14,-2.09989143282992,97.9105624827294,0,36,12
"986",1283.44765929701,13,2.9595165104204,101.331455448391,1,34,5
"987",957.060981286895,13,1.44923189760633,101.770633778523,0,28,24
"988",1085.40956400286,13,2.6012546789672,100.84805519099,0,30,1
"989",1288.16589344913,16,18.5222264709438,117.502141561035,0,37,3
"990",643.793269944799,9,-10.2151995483774,90.0764063177093,0,17,13
"991",748.842510608708,14,2.43014275029818,101.861023540615,1,21,3
"992",573.376145771333,10,-7.0065094424273,94.9372705817288,0,31,28
"993",1020.04406662691,13,6.55988434895015,105.019191010242,0,28,3
"994",1283.07283813283,17,12.2489593710145,112.415203434344,0,36,13
"995",672.415637744552,12,-2.90518051571813,95.0779164277192,0,36,14
"996",901.264502565354,15,11.6057305054327,110.471321668081,1,33,16
"997",600.028928221383,18,-5.18337048425988,94.1660589847811,0,33,31
"998",1198.05481111545,15,0.0305552209210359,100.098583212286,1,28,24
"999",1063.10973166392,8,-0.45420045172159,101.181408443608,0,29,31
"1000",360.495913235284,7,-13.0263922296125,87.6653525857146,0,25,9
