,salary,educ,abili,iq,female,age,exper,married
1,1437.51377,13,9.852292388,109.322171,0,23,14,1
2,840.4786063,10,-0.992463899,100.8988113,0,34,16,0
3,1385.289229,16,17.55331654,118.2414923,0,36,12,1
4,1232.854472,18,3.052159702,101.5830284,1,26,38,1
5,178.4565442,11,-16.49806482,81.69810274,1,27,28,0
6,1258.88014,13,1.792299315,102.8577648,0,24,35,1
7,1334.565627,11,3.106550663,102.8790233,0,34,37,0
8,1454.448705,17,18.18299146,119.8764944,0,30,30,1
9,717.168468,15,-2.900671542,96.51959015,1,29,34,0
10,933.3629065,12,1.628751188,101.6531577,1,32,32,1
11,690.0319342,15,-8.462045582,92.27649468,0,29,36,0
12,1190.90577,14,11.68649527,112.1169815,1,38,33,1
13,1073.381266,15,0.646873227,101.5276289,0,29,15,1
14,600.2109578,11,-17.28164648,81.18193765,1,30,35,1
15,1033.506603,12,4.355896172,104.7936377,1,27,32,0
16,271.0503489,12,-16.78107641,83.27870054,1,42,7,1
17,711.5777536,12,-9.628651167,92.5785179,1,32,7,1
18,1250.089404,17,19.12311655,117.9484017,0,34,38,1
19,704.0464582,10,-4.288643621,96.51139451,0,23,18,1
20,1480.70635,14,9.514286288,109.5753318,1,34,3,1
21,896.9785656,13,-11.2026047,88.41248058,1,41,39,1
22,629.6867346,12,-0.249573143,99.53480525,0,33,1,0
23,720.1280567,14,-8.621664648,91.26088656,0,20,20,0
24,1044.198421,19,10.04006646,109.591331,1,27,17,1
25,923.6440234,10,-3.454411132,96.46048156,0,31,15,1
26,1383.135637,15,20.8336887,121.7528077,1,38,29,1
27,846.1374241,12,-6.629384319,93.77162875,1,28,11,1
28,1020.861188,14,2.495556851,102.2528059,0,22,26,1
29,1347.796298,10,2.288082166,100.4362664,0,32,31,0
30,863.3933485,11,8.136206268,107.7740961,0,30,29,0
31,1087.110222,11,-2.316963799,98.96540695,0,31,39,0
32,529.8446062,8,-7.568598786,92.70310429,1,35,22,1
33,817.6042175,12,-1.757473933,98.68952048,0,29,26,0
34,759.9605907,9,-12.95004901,87.17557104,1,30,11,0
35,710.6957417,12,-3.534664656,96.95529456,0,28,16,1
36,1376.070121,16,7.581184783,108.0466962,1,33,22,1
37,1201.303714,15,16.53579483,116.8501402,0,30,39,1
38,935.1358461,13,-1.444048735,98.75433806,1,36,39,0
39,919.0687909,14,1.562282989,100.8405349,1,32,9,1
40,817.9112015,11,-7.640912992,92.02708725,1,30,16,0
41,1164.716435,17,22.4909838,122.0744816,0,34,35,1
42,418.1632557,12,-13.14384391,87.88447135,0,31,28,1
43,1024.886371,17,11.27113676,111.3194913,1,25,13,1
44,1055.850014,16,4.480680819,104.2896397,1,21,28,1
45,1099.434276,11,-4.298224091,96.66667328,0,30,6,1
46,916.5122476,12,-6.156878677,92.83307747,1,27,36,0
47,1425.840943,19,15.41043257,114.9613867,1,31,36,0
48,1135.18447,13,3.460116116,104.0087964,0,28,6,0
49,854.1288237,12,-7.039562219,93.79267297,0,32,1,1
50,1109.35186,12,3.125816657,101.7297847,0,33,14,0
51,691.1528986,12,-1.039315793,99.8890162,1,32,15,0
52,833.5081118,10,-0.208425061,99.07258922,1,28,25,0
53,747.0527912,11,-4.982591629,93.69823006,1,30,20,0
54,960.2177485,15,1.315339197,101.201217,1,24,14,0
55,1358.154274,17,4.24252461,104.1913246,1,32,13,1
56,1281.838745,13,9.050660945,109.824412,0,25,23,0
57,971.1816092,11,-1.257164388,97.86304509,1,33,2,1
58,1178.461779,17,2.490135243,100.4863637,0,29,16,1
59,471.0701828,14,-2.42290451,97.49144489,0,31,10,1
60,547.2159192,12,-2.648468195,95.16307566,1,24,7,0
61,985.8375831,13,6.219769805,103.9262921,1,33,2,1
62,779.0685959,15,0.051188733,99.75489934,0,31,2,1
63,308.429048,14,-7.916553902,92.90874819,0,23,39,1
64,1347.752831,17,3.129990692,102.3730898,1,22,32,1
65,695.1725928,9,-10.38559238,89.60008655,0,28,1,0
66,495.5109594,8,-1.713627977,99.72333051,0,23,22,0
67,982.7818786,17,0.140516583,100.6407332,0,32,1,0
68,936.5914952,13,-3.585604033,94.0426003,1,35,31,1
69,1005.239305,15,-2.596995892,98.1434597,1,26,30,1
70,508.5025192,10,-14.06018901,86.48338858,0,29,0,1
71,1688.791903,18,17.32179657,113.9292602,1,28,33,1
72,1499.140244,17,15.95787197,116.3010389,1,28,34,1
73,852.9542806,13,-4.565403914,93.86428973,1,30,17,1
74,732.0310433,8,-7.559135524,92.40915471,0,27,25,0
75,613.1207091,10,-13.04236787,87.41197752,1,38,17,1
76,1062.955177,12,-0.779411429,98.66549902,0,25,13,1
77,698.5276918,15,-3.156626318,97.27022006,0,26,31,0
78,1209.989321,15,-4.164621292,97.0180685,0,35,28,1
79,560.8715123,15,-8.41587223,92.41101424,1,27,37,1
80,1177.924675,16,18.49372011,117.6839135,0,22,24,1
81,292.1418933,11,-12.9074125,87.01940476,0,34,2,1
82,795.058979,13,3.580657184,102.0928898,1,30,29,0
83,683.782734,14,-2.34662818,97.39676444,1,28,36,0
84,1245.808613,14,10.09769117,111.0817433,1,35,28,1
85,241.4234198,13,-14.27166076,87.77314656,1,34,23,0
86,769.8691853,8,-4.85958057,96.19208885,1,33,23,1
87,1143.557161,18,14.01731822,115.2759296,1,42,15,1
88,1403.680667,17,29.67923482,129.2092776,1,31,22,1
89,307.9916261,14,-7.900677086,91.97625957,1,25,36,1
90,885.9430154,15,3.038504161,103.8738277,1,33,11,1
91,786.4623766,8,-16.99012383,83.60093795,1,25,33,1
92,670.3644328,11,-7.241973756,92.9948966,1,21,27,1
93,735.0801657,14,-1.248328494,97.92444903,0,28,36,0
94,857.6151724,12,-0.290859786,98.94565409,1,29,12,0
95,474.9154134,13,-5.585234922,94.85583757,1,30,15,1
96,712.5009134,13,1.784719246,101.5148912,0,33,36,0
97,1627.246991,20,23.20909636,124.8136584,1,26,31,0
98,1201.542043,16,1.27326351,100.8076663,1,26,22,1
99,644.7404383,9,-3.200722058,96.69921578,1,24,25,1
100,284.041818,7,-13.07575984,88.25623635,1,20,37,0
101,988.4892068,15,-4.963595186,95.85588412,0,43,12,1
102,1079.398989,14,13.06385712,112.8296428,1,37,15,1
103,894.0457407,14,-7.998711435,93.5058834,1,31,38,0
104,1066.094438,18,5.691338616,105.994277,0,27,17,1
105,891.1425034,15,-5.99447291,93.5269986,0,33,23,0
106,924.1990781,13,3.157345504,105.6608048,1,26,32,1
107,731.7242071,11,-3.751967605,96.02539992,0,29,19,1
108,348.2294652,14,-17.52984534,81.91649106,0,29,35,0
109,889.2867081,13,-4.790125479,94.27376852,1,38,28,0
110,418.2141377,12,-14.80450304,84.73937935,1,33,5,1
111,1156.663068,12,-3.402161242,96.65058791,1,33,26,0
112,1154.066121,12,8.726115959,110.631155,1,27,32,1
113,908.4878419,14,11.68286577,112.6410554,1,39,10,1
114,1517.635219,16,16.37937609,115.7549936,0,27,35,1
115,1148.428234,10,4.361740999,105.0562535,1,43,19,1
116,460.6236292,9,-11.63990683,89.05232695,1,30,13,1
117,1711.009289,20,22.40850793,121.1056775,1,29,40,1
118,933.1727308,13,3.862557271,103.4407902,1,36,30,0
119,827.7050673,12,6.830226636,108.0574815,1,29,19,1
120,529.0980471,10,-15.28960579,83.55386211,1,32,10,1
121,1125.456172,13,3.614601753,103.1876397,1,20,15,1
122,1378.523512,17,11.29241932,112.2903797,1,35,12,1
123,1172.733999,16,7.017174718,107.2840161,0,27,31,1
124,871.8383709,13,7.786196474,109.0395433,0,26,17,1
125,423.9920638,14,-7.823044417,92.51974516,0,34,26,0
126,979.6861282,14,2.037680162,100.9817791,0,28,10,1
127,1124.434849,14,3.068939556,104.8944191,0,29,12,1
128,1086.821555,15,4.13990937,103.532856,0,33,37,1
129,1024.183555,13,2.232107848,103.2019834,0,32,6,1
130,1290.824455,12,8.196317984,109.3888819,1,30,19,1
131,369.2190219,8,-15.03138198,84.57973612,0,41,32,0
132,358.1775249,10,-20.50033228,78.58218883,1,32,13,1
133,982.8070018,13,-4.916774205,94.74399853,1,39,22,1
134,893.996809,14,6.995423928,108.0035936,1,24,2,1
135,946.5141846,12,-11.26485743,87.67249038,1,34,27,1
136,544.1435922,15,-11.45759347,87.11497255,0,33,21,1
137,342.8575358,7,-16.5141066,82.52291564,1,28,15,1
138,733.1504253,15,-1.651523188,99.14525445,1,32,9,0
139,1206.536196,14,-0.986381676,99.76735663,1,37,2,1
140,855.9934132,15,11.02245973,111.4447431,1,30,14,1
141,909.5662845,16,6.423089491,105.7663773,0,26,21,1
142,774.1302465,14,0.339888636,100.0553215,0,24,14,0
143,1093.916442,15,-1.299402096,99.41865806,1,41,40,0
144,0,10,-28.27462563,72.64163382,0,30,2,0
145,724.7354471,14,-2.999087832,96.97664842,0,29,3,0
146,261.5569701,11,-5.954982515,93.67548113,1,28,27,1
147,501.3152298,12,-3.25716817,95.43273127,1,28,6,1
148,697.5547805,12,-7.875704946,92.24329872,0,32,23,1
149,1087.372322,13,8.338431891,107.9953776,1,32,4,0
150,710.2900126,12,3.608995787,104.309245,1,31,26,0
151,548.300321,13,-6.076652248,95.34775061,1,31,14,0
152,996.3128431,12,-4.952185862,94.82631755,1,34,9,0
153,962.1469721,12,-0.364187358,101.01586,1,25,37,1
154,714.5366084,11,-4.559957013,92.62145145,1,35,1,0
155,897.7323512,14,-0.976256734,98.41629708,1,17,18,1
156,412.2432275,12,-10.77904691,89.80575863,1,24,39,0
157,1005.840654,10,-3.009859724,98.52412277,0,34,16,1
158,664.412703,11,-7.215633294,94.34869591,0,29,37,0
159,399.7970503,8,-18.76265067,81.41947867,0,28,4,1
160,874.4273408,13,3.20945214,102.876316,1,30,13,1
161,307.5080528,13,-16.2679606,83.51926553,1,34,21,1
162,102.016206,9,-14.48118501,86.69003254,1,29,3,1
163,715.6858771,11,-7.728382455,92.05419006,1,31,34,0
164,496.5346166,7,-19.1323956,80.78490872,0,28,17,0
165,1017.875069,12,9.705339246,108.6092461,0,28,40,0
166,819.2739767,10,-4.848218613,96.00539715,0,34,19,1
167,673.1645644,13,-5.33125074,95.87553676,0,32,36,0
168,804.5825475,8,-3.889095774,96.9610062,0,30,1,0
169,497.563134,11,-8.147421747,90.7114528,1,30,8,0
170,747.4399405,8,-11.2494039,87.13121808,1,36,15,1
171,922.4127836,12,1.612210134,101.6630808,1,29,12,1
172,353.8624359,12,-11.91763474,88.58614445,0,21,21,1
173,812.978445,15,-5.219726189,93.16128459,0,33,29,1
174,1078.368276,14,5.358261938,105.1366422,0,31,38,1
175,1372.781566,13,24.44206604,125.9190249,0,35,20,1
176,776.0389039,13,1.21950712,99.88678447,1,15,5,0
177,969.7509778,13,3.404192159,104.3652818,0,31,24,1
178,701.9326002,14,-0.254429705,99.85585129,1,31,40,0
179,649.2647402,12,3.13210087,104.8114766,1,23,4,0
180,566.1682753,14,0.070699814,99.5883863,0,43,36,0
181,1149.683377,14,7.375955722,105.7881845,1,27,13,1
182,952.652836,15,-4.077156755,95.99319622,1,28,19,1
183,1476.545336,16,17.29145402,116.6333395,0,33,7,0
184,931.6365862,17,3.02287643,104.0593439,0,34,14,0
185,1010.166212,9,-11.4980668,87.63851712,0,33,7,0
186,0,13,-17.91167739,81.65129625,1,29,26,0
187,635.5869736,12,-6.527420792,91.33862822,0,34,9,1
188,1292.640504,12,2.803862714,100.164142,0,28,36,1
189,1041.228988,13,-3.00070881,98.21042256,0,31,14,0
190,855.1734114,16,-7.50308143,92.08245638,0,24,37,0
191,1048.619784,12,3.045050927,103.2797851,0,31,20,1
192,598.9998526,12,-11.93108512,89.34982655,0,35,23,0
193,750.3947401,9,-10.31728618,89.14029128,1,35,29,1
194,328.3482857,7,-12.48831088,86.17886282,0,30,9,1
195,725.5464423,17,1.954657658,101.3422043,0,29,12,1
196,549.5719924,11,-6.990235543,93.72913978,0,25,35,0
197,278.5571343,8,-13.02342193,87.00259445,1,26,8,1
198,576.1348198,11,-13.23512905,87.60119876,1,27,34,0
199,1085.042779,14,-4.23044579,94.73100982,1,37,38,1
200,1043.473847,14,8.252816355,109.8266726,1,38,11,1
201,534.7130111,14,-2.023470084,99.43494626,1,29,34,1
202,907.4295289,9,-5.540350198,97.51536706,0,35,6,0
203,1081.943117,12,1.534217922,102.9801498,0,29,30,1
204,645.1047658,11,0.313306965,100.6691611,0,24,18,1
205,941.95759,13,0.127633257,100.9610854,1,29,38,1
206,876.6170277,14,5.648647697,106.5218661,0,27,25,1
207,670.0372725,15,4.33893164,105.2889889,1,30,7,0
208,785.4194426,16,-1.09690227,98.40505372,0,33,16,1
209,790.746055,13,0.455565575,98.32874668,0,28,39,0
210,1438.160603,16,13.08335821,114.5782494,1,35,6,1
211,1120.393192,14,1.886614516,101.8622371,0,25,36,1
212,959.6524275,12,0.110235868,97.87392669,1,36,8,1
213,946.8212202,9,-15.84707209,85.87639005,1,29,25,0
214,1099.491197,15,16.50450485,116.8072248,0,37,32,1
215,1611.648184,18,25.37817168,123.8411735,0,32,29,1
216,1261.338249,16,16.53170449,117.3877268,1,32,30,1
217,1038.164931,13,9.491102367,108.369215,1,32,21,1
218,730.5304243,11,-20.62965831,78.85726324,1,33,25,0
219,25.77642019,11,-18.49604248,82.31301102,1,20,18,0
220,833.985204,13,-9.223386956,91.52268871,0,24,10,0
221,671.0363586,10,-5.279898139,94.70092996,1,31,2,1
222,883.7346327,12,6.006563241,104.7237466,0,29,17,0
223,792.0401836,13,0.813692451,100.9611006,0,19,31,1
224,273.7098965,13,-5.833381798,93.04775294,1,22,5,1
225,1300.871678,13,12.21744624,114.2553297,1,26,39,1
226,741.7014683,13,-5.429221824,93.60713291,1,27,33,1
227,571.4983711,16,-2.023727211,98.72331121,1,29,39,0
228,781.0771123,15,1.733092431,100.9175147,1,20,1,1
229,1240.950773,14,8.787534296,108.9767189,0,29,23,0
230,1456.404059,16,19.31653664,119.1152601,1,22,16,1
231,1634.654424,21,20.27493493,122.6293936,1,35,18,1
232,504.0550734,10,-20.0251738,80.61488172,0,34,16,1
233,1113.603007,13,2.352065956,101.8057864,0,27,23,1
234,1303.137379,17,5.684511089,104.6895633,1,21,10,1
235,556.7468755,14,-6.803039634,94.55880927,0,27,35,1
236,1568.499928,18,11.02035157,110.3313619,1,27,40,1
237,568.6691325,11,-9.866950461,89.8965944,1,25,37,1
238,845.7977307,12,-2.582089276,95.09445923,0,32,39,0
239,889.9183731,14,5.752503098,104.7287689,1,31,26,0
240,775.167622,9,-3.899812988,94.61266999,1,35,12,0
241,460.1443977,10,-8.336384408,90.74484442,0,26,35,0
242,840.4989494,11,-6.385177516,92.5674449,1,37,27,0
243,1090.994313,15,6.362150409,105.7758965,0,16,20,1
244,706.6802115,7,-7.942995,93.66506561,0,30,25,0
245,584.3051876,12,-1.459217192,98.17728581,0,26,28,0
246,842.025245,16,-4.220456072,95.88022151,1,31,27,1
247,1232.877477,15,6.303367533,106.3894038,0,37,35,0
248,664.9186826,15,3.322466055,104.9512267,0,26,28,1
249,194.6234119,7,-13.501084,87.77037677,0,28,40,0
250,798.7356074,15,-6.397027952,94.83744883,1,35,10,0
251,1111.29576,12,-0.990782749,98.15699421,0,27,19,1
252,1169.675468,17,15.13492128,115.4010802,1,17,1,1
253,243.1814096,9,-23.34099027,75.34078863,0,36,10,1
254,1055.708023,11,-6.507072064,94.21985407,0,34,13,1
255,815.5527367,11,-5.643722085,94.61031075,1,28,27,1
256,1065.855446,12,-8.071478392,92.37521173,0,26,30,1
257,1152.068258,17,2.07130081,102.6717666,1,23,14,1
258,889.1106018,17,0.159219373,99.44799279,1,23,11,1
259,793.7896473,13,-9.892011041,90.12139995,1,33,29,1
260,666.9234646,10,-1.955713014,98.3376271,1,28,25,0
261,851.2730276,12,5.250678925,104.8830792,0,29,25,1
262,683.5411291,17,5.19281504,102.7987342,1,36,9,1
263,536.061558,12,-5.2460353,94.44316442,0,26,36,0
264,857.4286453,15,3.537195771,103.6741913,1,30,23,1
265,444.7940412,12,3.12834219,102.8671291,0,28,7,1
266,802.9085062,11,7.673905159,107.6396729,0,31,27,1
267,1011.884672,7,-1.370143269,97.93766241,0,32,5,1
268,1254.034861,12,-2.041619043,96.64362346,1,32,21,1
269,787.4788669,10,5.781709342,106.4383655,1,30,38,0
270,428.2218696,14,-6.28559797,94.15308566,1,19,6,1
271,645.1692899,11,4.837507506,104.3894367,1,26,24,0
272,1022.729006,10,3.571782851,103.3300015,0,37,35,1
273,647.8674636,16,1.856972136,101.7348677,0,37,7,1
274,1095.120449,14,4.947960961,106.0016196,0,24,19,1
275,906.3714257,8,-19.73600383,80.44070002,0,28,6,0
276,552.3553881,5,-10.71203342,89.33695008,1,31,4,0
277,764.9292926,11,-7.243222805,91.05748025,0,33,12,0
278,974.9644099,14,2.900928153,105.0409405,1,34,10,1
279,921.9572854,15,7.063169392,106.245841,0,35,29,1
280,1163.71996,15,11.44612732,112.0162971,0,30,21,1
281,235.2445345,11,-11.09637425,88.19345089,0,25,12,0
282,1111.669533,10,1.227783415,100.6817053,0,30,8,1
283,894.2670877,13,1.23578259,101.4929274,0,23,36,1
284,634.1613253,17,-7.620434097,90.56971287,1,31,1,0
285,361.0451234,11,-21.50339343,79.92421377,0,23,24,1
286,844.2169151,14,-2.954002943,99.46818072,0,20,6,0
287,1109.68409,14,7.791553421,108.1243995,1,44,23,0
288,746.2132897,12,-1.731474083,100.9092503,1,35,18,1
289,1178.607419,13,5.541272325,106.4790091,1,33,20,1
290,572.7413929,8,-5.943464232,94.06893565,0,26,21,0
291,923.9988869,15,-5.074843223,93.75601627,0,34,15,0
292,1302.06255,17,2.733159346,104.5716931,1,35,37,1
293,1194.872068,13,7.947940133,106.5805274,1,23,17,1
294,571.6013214,15,-7.511122721,91.36869963,0,22,10,1
295,920.3846704,17,1.895156208,102.0210499,0,39,35,1
296,926.5965567,16,0.432956167,101.2758201,0,22,7,1
297,957.3413746,15,0.539081184,101.1796264,1,34,4,1
298,658.407838,11,-5.864658148,93.38510923,0,25,10,1
299,503.5832768,8,-10.54819566,89.08082385,1,29,34,1
300,1052.811145,13,11.32230884,110.5575509,0,39,33,1
301,1464.963835,13,6.634094556,107.4787123,1,27,15,0
302,1399.466457,14,3.859659217,104.1117663,1,25,8,1
303,402.8016206,8,-12.96044959,87.22945711,1,29,31,1
304,456.3653076,12,-18.82874937,80.54503867,1,30,18,1
305,817.2153853,11,-2.132341264,98.58137335,0,31,19,0
306,1126.219425,18,12.15817036,112.7249466,1,33,39,0
307,1149.98853,15,5.618981772,106.0191062,1,44,4,1
308,1080.30241,11,8.352188097,106.041341,1,35,4,1
309,1011.143262,15,0.194892426,98.88360322,0,37,25,1
310,886.7349903,7,-1.571339855,98.9899432,0,24,8,1
311,869.2353525,12,-0.855602565,98.9638973,1,32,10,1
312,988.7402513,14,0.716748984,101.6353934,1,31,13,1
313,594.0119127,9,-4.939018464,94.60730405,0,25,35,0
314,955.2514445,16,1.03571745,101.418979,1,28,2,1
315,625.4350751,11,-8.215435373,91.68312108,1,25,8,0
316,706.3212538,11,-2.387047857,98.34923564,0,23,23,1
317,1396.992186,19,17.81878826,118.7939536,1,24,1,0
318,1089.671531,16,2.491145612,101.921962,0,34,1,1
319,1439.296471,14,21.00018823,122.6366437,1,21,8,1
320,1058.92987,14,4.045913442,103.9686561,0,28,14,1
321,1196.440662,15,8.933000977,109.8975521,0,24,11,1
322,1285.739422,14,7.24994691,107.1491209,1,18,7,1
323,533.0264719,12,-4.449855663,95.69985756,1,23,8,0
324,443.7021023,12,-8.179762427,91.02572987,1,28,9,0
325,1230.338951,14,8.276656568,106.7313944,0,34,16,0
326,905.4706493,12,-0.849053724,98.5321619,1,39,35,1
327,874.221117,11,-7.232908147,93.84858078,1,28,11,0
328,737.9018694,6,-7.176823765,94.41776989,1,36,30,0
329,63.46362978,8,-18.63383968,81.99379645,1,35,14,1
330,1112.500725,12,7.057490144,107.6370981,0,35,38,1
331,637.9707981,13,7.077591634,107.9594497,1,24,25,1
332,198.369305,12,-22.78975759,77.00863707,0,25,34,0
333,759.4409041,13,-1.260692769,97.55840716,0,32,5,1
334,1282.340639,14,7.103478674,106.1685129,1,31,22,0
335,896.8588156,16,3.499701719,103.5883745,0,27,31,1
336,313.5277352,4,-20.92030376,80.88817668,1,32,10,1
337,897.1225916,17,3.292384984,104.4534793,0,26,20,1
338,1402.659442,12,9.784309709,109.5178815,1,29,23,1
339,764.1648212,8,-11.95048785,88.06848078,1,23,19,0
340,663.7021478,11,-8.500042626,91.69338022,1,34,24,1
341,1229.525512,12,-6.918204712,92.99623476,1,38,1,1
342,277.9244915,9,-20.71041305,80.03076768,1,22,15,0
343,791.3117846,15,4.350334097,104.5744541,0,35,15,1
344,185.101633,7,-14.66690168,84.72425013,0,32,3,0
345,971.5947739,9,-7.262295648,92.17277759,0,36,12,1
346,1047.954261,16,2.234081429,101.7537626,1,33,31,1
347,1405.396825,19,19.75854375,120.4579132,1,26,32,1
348,377.9067974,7,-12.8091234,86.60110596,0,37,8,1
349,435.4766366,11,-26.99082261,72.98747933,0,30,37,1
350,724.5358974,13,6.593516405,106.3108092,1,30,4,1
351,1224.87925,17,0.620711864,100.2605563,0,27,36,1
352,666.1527546,9,-11.49674694,87.16197513,1,24,21,0
353,998.3345199,18,11.13044104,110.9766614,1,28,5,1
354,979.1108909,9,-3.688219123,95.27619585,0,31,14,1
355,964.9100543,7,-0.375398094,99.12214963,0,33,9,1
356,869.2930317,16,4.97796783,106.3371579,0,27,33,1
357,615.1778032,15,3.173982298,103.0704687,0,21,19,1
358,977.6652035,15,-1.575788056,100.6604841,0,32,13,1
359,888.0877475,10,-10.05551979,90.08061188,1,33,6,0
360,743.5754357,10,-1.398948071,99.07546397,0,33,35,1
361,796.0011534,12,-1.187897748,99.04540288,0,28,2,1
362,1238.023307,14,0.687257019,101.4965286,1,26,25,1
363,1140.312812,15,10.0823798,109.6311272,1,29,31,1
364,217.6307707,10,-15.858327,84.11472623,1,35,23,1
365,815.4777018,13,4.082530307,105.9736975,0,39,21,0
366,1383.999812,18,14.39993056,113.50575,0,26,16,0
367,340.6151197,9,-14.4185413,85.69399188,1,30,29,0
368,207.2094278,9,-10.92594806,88.32165978,1,24,35,1
369,833.1039163,11,-2.98233599,96.87200466,0,32,5,0
370,1281.248908,17,13.42757498,114.2320534,0,34,13,1
371,636.6108686,12,-0.138877796,99.42415443,0,30,15,1
372,532.7152029,16,0.890293904,102.8164323,1,27,10,0
373,1056.920408,15,8.251039086,109.2623393,0,29,5,0
374,904.8746154,18,0.865364595,102.2095289,0,24,23,0
375,444.9003747,10,-9.867221359,90.00665823,1,28,8,1
376,1120.360715,11,3.346029108,103.348694,1,29,23,1
377,1082.202625,12,5.730623158,105.7040947,1,29,24,1
378,757.4298024,14,5.098953673,104.7154864,1,32,39,0
379,1287.450345,15,11.16401824,111.8450404,1,29,8,0
380,1244.750238,14,11.73211788,111.0364928,0,26,10,1
381,964.6164835,11,-0.611805523,98.25561923,0,26,6,1
382,1639.914368,18,13.13861607,111.9449339,1,34,32,1
383,1559.560637,17,15.87052476,114.4444809,0,33,4,1
384,1354.233085,12,14.81785797,112.6027384,0,35,18,1
385,1150.496896,15,14.15456226,115.3159888,1,30,3,1
386,1037.760724,14,1.058371352,100.8747651,1,27,38,1
387,574.1773706,11,-16.5426203,83.52474417,0,27,8,1
388,924.3187506,14,-6.693231686,94.01422037,0,23,29,0
389,868.9510518,13,-12.31461194,88.932808,0,28,38,1
390,410.83233,12,-12.44866922,86.79821291,1,29,30,0
391,292.9052358,11,-22.80330745,77.43933536,0,29,10,0
392,914.7291999,12,-8.723888968,90.76311809,1,32,25,0
393,1290.208758,17,7.547349287,106.8967546,1,34,5,0
394,993.9890628,11,-11.88284493,87.32357515,1,26,7,0
395,741.6531877,15,-9.504127388,92.15121134,1,22,3,0
396,504.0370966,11,-17.80534289,82.10815761,1,33,11,0
397,839.2166216,13,-4.595893058,95.20651987,1,23,18,1
398,931.3095257,14,-2.728317453,95.43158472,0,29,28,1
399,569.4348268,12,-7.484235958,92.20572531,0,27,14,1
400,842.330017,10,-0.059169524,99.77108777,0,22,6,1
401,843.3806899,6,-10.18252244,91.32378157,1,28,24,0
402,1206.421858,15,17.31617987,118.4680833,1,37,36,1
403,885.2856844,10,3.133933178,104.8966506,0,27,16,0
404,1000.590539,13,-2.758804669,97.21368018,1,31,4,1
405,994.6145711,16,15.17801546,115.1936565,1,35,32,0
406,1769.105309,20,24.41921254,123.8869832,1,26,5,1
407,751.3299355,11,-7.007349482,90.77777354,1,36,31,0
408,1173.947901,18,11.01079665,111.5157903,0,28,5,1
409,1047.050579,15,11.59456194,112.6328288,0,32,34,0
410,713.3881546,14,-1.459561756,99.28355674,1,23,21,1
411,981.1177468,14,4.844313483,103.5846403,0,25,24,1
412,556.7697413,11,-5.748867981,93.29091404,1,30,35,1
413,996.584706,11,-1.874161115,96.86899434,1,24,35,1
414,1769.653792,16,23.47502088,122.5024729,1,27,2,1
415,829.314255,14,6.875942421,107.1658248,0,40,19,0
416,928.8663063,16,0.20833761,100.7565813,0,25,14,1
417,524.2237137,14,3.997290487,103.991344,1,27,33,0
418,1183.238045,17,2.725764994,102.8316531,1,22,21,1
419,1687.326994,16,13.4769868,113.6333742,0,31,17,1
420,782.8903967,18,4.820429539,104.898656,0,26,2,0
421,742.224144,15,-6.981837825,92.31440571,0,35,10,1
422,767.908468,11,3.031285606,101.031206,0,21,16,0
423,737.1500818,11,-5.198374154,91.45988907,1,24,4,0
424,1308.438858,17,9.75661816,107.9086114,0,25,17,1
425,988.8483209,13,-2.726267247,97.15936549,1,28,10,1
426,1102.397482,17,1.482579207,100.7128324,0,21,34,0
427,702.0620395,11,2.669690613,104.0651855,1,27,9,1
428,647.5784198,11,-1.161173363,99.56112232,1,29,30,1
429,800.8493805,10,-10.97527362,87.76140965,1,29,29,1
430,1007.500709,12,5.771229894,106.074939,1,28,4,1
431,895.8792657,12,0.638950935,99.93321586,1,30,19,0
432,236.4760924,8,-15.56504706,84.26554984,0,24,5,0
433,1364.761109,14,-2.104624125,96.92434696,0,21,11,1
434,917.8950809,16,6.490406116,105.6204379,1,32,9,1
435,1080.569415,15,8.159887083,108.5731493,0,32,7,0
436,1137.391669,13,4.530256151,104.9890912,0,23,1,1
437,896.2149779,10,6.950487202,105.9236892,1,20,37,1
438,954.5189018,16,4.659505444,105.6088659,0,29,5,1
439,662.5469914,15,-0.29894503,99.9459379,1,30,16,1
440,717.2078869,13,-1.954959776,97.05231122,1,31,32,1
441,1125.177756,14,9.663627814,109.7330573,1,25,4,1
442,586.8295567,11,-1.831051231,98.08029756,0,28,14,0
443,1466.831053,13,7.287967601,107.7061898,0,30,13,1
444,933.3350313,13,8.273749707,106.4194676,0,32,31,0
445,554.6618209,12,-10.72121339,88.73198719,0,26,21,0
446,841.9529661,15,8.545803712,109.3311248,0,29,31,1
447,1368.772643,20,27.89129895,128.3381585,1,28,32,1
448,1256.841656,16,7.508327684,108.8067355,1,26,9,1
449,1347.781194,14,11.54991877,112.7178469,1,30,19,1
450,1592.874571,12,4.793450562,106.7109906,1,22,13,0
451,798.7680294,14,-3.785228212,98.29625824,0,33,22,0
452,376.7000101,11,-3.355902723,97.5516631,1,31,39,0
453,1275.354534,16,1.910916277,102.4552874,1,31,6,1
454,657.9513213,10,-1.674109388,97.47709171,1,27,15,0
455,826.2818763,10,-4.603531044,93.69185444,1,42,31,1
456,1016.880622,15,11.39315144,111.7661762,0,21,23,1
457,827.4921353,11,-1.053010949,99.74611866,1,24,22,0
458,461.1973461,10,-2.294048828,97.84390457,1,31,35,1
459,833.2761978,11,-6.303302664,92.84860373,0,25,31,1
460,1038.054265,13,1.057337737,100.6521717,1,28,18,0
461,620.0662387,13,-3.036254797,98.03178853,0,27,38,0
462,919.2588306,15,-4.386727486,97.78780081,1,37,22,0
463,664.5762216,14,4.869285065,105.7418523,1,25,23,1
464,576.6099568,13,-9.529164038,88.93231168,0,29,4,0
465,37.95263847,8,-23.33901915,75.76770905,0,23,16,0
466,413.1856692,10,-21.30611427,77.56835067,0,36,39,0
467,1362.356496,15,9.286684874,110.3397829,0,25,9,1
468,1010.643141,11,-3.565820704,95.98315903,0,33,9,1
469,835.0724333,19,6.986762102,107.9104214,0,32,11,0
470,995.0728959,13,3.671677462,104.8333136,1,28,5,0
471,635.6619256,15,1.548708033,101.3376492,1,27,7,0
472,746.5237973,11,-3.208287658,98.05857842,1,35,11,1
473,1299.855682,13,10.06054832,109.438417,1,30,26,0
474,1372.491774,15,7.854462617,106.7786532,0,25,38,1
475,907.2536016,11,-0.470748269,98.63680617,1,29,3,0
476,882.638003,11,-2.08109955,97.86945233,1,25,2,1
477,696.2272771,15,-1.310222369,95.259201,1,28,2,1
478,585.9576857,13,0.066339319,99.95953186,0,25,17,1
479,853.4604276,11,-7.149228341,91.98021483,1,33,10,1
480,1206.726257,13,-0.115850134,100.3722015,1,37,4,1
481,892.3801965,9,-7.831045381,91.56008046,0,34,34,1
482,1120.759701,10,5.906922388,105.2394891,1,32,6,1
483,1017.078356,12,5.89359701,104.2088826,0,34,22,1
484,582.2391384,11,-4.750849322,95.67682838,1,27,20,1
485,1008.340551,14,-11.18779789,90.09665111,1,36,12,0
486,1180.768869,16,4.879706325,107.2366466,1,37,27,0
487,736.5644285,11,-4.869448678,94.87341524,1,33,30,1
488,1079.23761,10,1.981468275,101.0641774,0,37,38,1
489,242.7746211,9,-15.6939689,85.26700497,1,33,15,0
490,165.9325389,10,-18.93883371,80.36073325,1,35,14,0
491,1412.282001,18,2.320905396,102.5855514,0,28,18,0
492,717.0958133,11,-4.359262613,96.88726484,1,32,27,1
493,1244.925164,15,-3.114777281,96.26856185,1,24,21,0
494,453.2116968,6,-12.36145319,88.00937085,0,26,0,1
495,493.2832859,11,-7.264908758,94.73731702,1,22,34,1
496,659.3078155,12,-2.791059877,95.37346876,0,25,22,1
497,954.6071627,10,-14.1348177,86.76418002,1,24,36,1
498,748.4949023,9,-6.219821814,92.88138935,0,36,38,1
499,1362.217284,17,13.11031142,113.7622325,0,35,36,1
500,812.1032406,13,5.360068842,105.2659488,1,33,28,0
501,394.665779,16,-2.337809032,98.43736896,1,26,33,0
502,766.094957,13,7.439601833,107.1562181,1,20,19,0
503,1162.99871,16,3.973172832,103.0188535,0,28,25,1
504,1169.593772,11,-0.100933053,99.64872982,1,27,18,1
505,822.1233986,12,-6.644640266,94.50099159,0,33,39,1
506,356.4149073,8,-12.51513857,87.96078651,0,26,11,0
507,239.9526604,9,-15.76591312,85.14582672,0,28,39,0
508,491.8359342,12,-2.411024766,99.01286353,0,26,27,0
509,581.9267885,8,-15.1510172,83.42775659,1,38,36,1
510,1237.990929,14,5.928777511,105.3438644,1,24,27,1
511,314.6784926,11,-10.84210873,90.12884709,1,27,17,1
512,449.4396989,13,-2.993998664,95.39051051,1,27,37,1
513,450.5624295,12,-12.91515004,87.63942958,0,29,6,1
514,559.1709667,15,-3.233517606,96.60680542,0,34,1,0
515,1180.061499,14,-3.567009248,97.78336092,1,34,23,1
516,444.854831,8,-9.589111734,88.52408496,0,20,20,0
517,1346.212815,16,12.09084677,111.2493234,1,28,12,0
518,446.6285249,8,-11.15923331,88.73848144,0,29,11,1
519,1417.610686,19,4.945913815,104.4223409,0,36,24,1
520,945.1221271,14,3.410586954,103.3797047,0,18,16,1
521,892.7239274,14,9.60733142,108.5256919,1,29,12,1
522,917.8797286,13,-2.150901655,99.03497585,1,27,15,1
523,666.0137094,9,-3.438863703,97.95443142,0,33,33,1
524,457.2848414,9,-25.00276954,74.92485664,1,31,9,0
525,600.0520978,13,-9.678696305,89.30241799,1,34,39,1
526,832.1493356,13,-2.387530643,97.08197122,0,23,25,1
527,1547.198593,15,16.24241656,116.7411669,0,33,33,1
528,634.9465987,10,-3.883235627,96.26060576,1,23,9,0
529,747.8599677,14,6.150214052,104.6867522,1,25,31,0
530,729.2457451,10,-5.42524789,94.67261148,1,38,2,0
531,595.6127944,13,-3.349722121,94.90425662,0,27,21,1
532,428.5594198,9,-12.35232526,87.47515249,0,31,34,0
533,920.7506959,9,-9.728318131,91.43506817,0,27,39,0
534,580.8877502,8,-11.71915174,87.18446974,1,26,16,0
535,346.1331987,7,-12.46924619,87.74356373,0,31,19,0
536,1025.563843,16,2.151031417,103.2335421,0,31,17,1
537,766.3078835,9,-14.65258446,85.34411961,1,26,37,0
538,1152.863901,11,9.191378166,110.7088206,1,36,19,1
539,1157.913023,13,8.76137421,107.8321311,1,35,38,1
540,1657.084156,18,25.96238995,126.3568166,0,22,5,1
541,1204.837781,16,12.95316056,111.6921908,1,24,23,1
542,648.1228063,13,-9.800605485,89.87106303,1,39,29,1
543,1277.496228,19,10.92586918,110.7785538,0,29,0,1
544,871.3067104,14,-3.472030275,97.86333966,1,31,25,0
545,264.5309079,13,-16.18021341,84.81344166,1,36,15,1
546,576.8805706,12,-16.96210076,83.77611995,1,23,3,0
547,1390.885565,16,9.223634761,109.3066905,0,30,27,1
548,741.8665381,12,5.429371239,106.1871099,1,30,24,1
549,1442.329569,18,11.01412079,111.1810218,1,29,4,1
550,696.4323744,13,-5.227062258,94.78209863,0,27,16,0
551,998.7614842,11,4.103307836,103.0730473,0,32,4,1
552,1210.448104,15,15.9324982,116.5582357,1,31,32,1
553,704.8662116,9,-3.397775638,96.36959053,1,27,33,1
554,872.8677172,10,-5.889047768,94.06591485,0,34,16,0
555,591.2204836,9,-20.21738171,79.39816861,1,27,0,1
556,834.311317,11,-1.113580275,98.93591154,0,30,24,0
557,1179.241518,16,3.699022492,104.2587691,1,24,24,1
558,1002.150547,12,0.931503241,100.3200193,0,36,36,0
559,892.6635497,14,-10.65200688,88.89865391,1,25,16,1
560,1361.735522,18,7.633565618,108.3059898,0,24,39,1
561,1036.372089,15,14.87261275,114.0296821,1,26,10,1
562,937.8965051,10,-7.898431594,91.51057441,1,42,6,0
563,635.2058329,14,-2.506408721,96.62826246,1,33,21,1
564,323.6188013,12,-10.62073123,88.31213804,0,32,18,1
565,1606.459791,17,18.20199082,117.7395474,0,37,21,1
566,498.9236411,11,-7.775661287,91.92570003,1,26,3,0
567,924.5617682,15,0.925214475,100.0375788,0,33,24,0
568,486.6430805,13,-10.70777585,88.5005238,0,28,27,1
569,974.3782903,13,-7.510993696,91.79832348,1,27,22,1
570,999.7422351,15,5.122231267,104.6955165,1,28,25,1
571,1444.473214,15,11.87277349,111.7895762,1,26,12,1
572,643.267928,14,-1.329032469,97.7534141,0,26,11,0
573,393.4854394,11,-30.1679835,69.71822244,1,33,24,1
574,851.3855263,17,0.109611301,101.9830256,1,23,7,1
575,851.3822129,14,0.96347374,101.6738294,1,43,37,1
576,793.3726991,13,3.245867091,102.6634499,0,22,40,0
577,424.1699394,12,-17.50574889,83.87039687,0,28,30,0
578,533.6097289,11,0.383211284,99.64965583,0,22,20,0
579,744.5529332,14,-2.436320748,97.00823619,1,22,37,0
580,957.6738208,13,-5.737812485,95.48105335,0,31,25,1
581,1008.19547,15,16.88727357,118.5901797,1,30,16,1
582,700.3240483,11,-7.698004116,91.17438634,0,34,8,1
583,659.0890719,13,-11.17533801,87.99241162,0,34,29,0
584,779.4469584,18,5.652733409,105.7274442,0,24,37,1
585,1251.255502,10,1.820423632,102.3780919,0,34,28,1
586,865.7754839,10,-4.782288836,95.07598463,0,31,36,1
587,518.935857,8,-14.73596981,85.33905387,0,28,9,0
588,1445.055546,17,19.77185901,120.2116128,0,31,22,1
589,972.8533385,12,2.352045818,102.1687583,1,31,8,1
590,984.1978066,16,-9.839682056,88.46900615,0,34,21,1
591,520.719346,8,-10.2394632,87.53577082,0,22,39,1
592,781.3178081,11,-5.225255667,97.15689348,1,31,32,0
593,1225.280127,12,-3.377702422,95.55611557,0,33,8,1
594,978.2690993,14,3.679239784,102.2579284,0,25,16,1
595,765.7790912,12,9.470903592,110.1318811,0,33,33,1
596,867.9038748,14,5.480980992,105.9544399,1,32,18,1
597,1135.435474,16,16.50943949,116.7334554,1,30,16,1
598,732.8806585,12,-2.730323586,96.4709416,1,38,1,0
599,808.683338,8,-13.8248633,86.16534256,0,36,5,1
600,262.7154338,8,-19.15659302,81.44549059,1,27,27,0
601,477.4934368,12,8.084846763,109.6649595,1,40,2,1
602,682.0964043,14,1.10431584,101.138418,0,30,40,0
603,508.0876646,11,-10.22136218,90.03560884,0,27,5,0
604,917.3232432,14,8.273839316,109.5413874,0,26,25,1
605,867.9118286,11,-8.319384017,94.72512883,1,30,1,0
606,684.0978158,11,-5.296099961,94.2942367,1,34,3,1
607,895.2419197,17,1.714698002,100.8288827,1,43,8,1
608,1276.797899,14,6.170326411,105.1668131,0,37,32,1
609,1236.496972,15,6.739803992,107.5553669,0,35,33,1
610,1244.063572,10,-1.740590282,98.35267314,1,35,29,1
611,573.0105929,15,-0.081348895,99.92363357,1,28,11,1
612,475.5355185,12,-8.150234969,94.15208524,1,26,26,0
613,992.917821,12,1.796975728,100.3863637,1,28,38,1
614,589.6300267,7,-2.712512655,97.02695873,0,30,21,1
615,1400.676275,15,10.82927836,109.8572842,1,30,17,0
616,1005.41992,17,6.015233055,104.2696864,0,40,29,1
617,978.9815361,17,-8.981481833,91.28097338,1,30,7,1
618,1119.2268,14,0.846588838,102.0267992,1,29,13,1
619,1044.740494,11,-5.073137303,95.49135059,1,30,16,1
620,1117.681403,14,3.633149941,103.8515046,0,26,2,1
621,673.2913171,13,-2.299363146,99.39651919,1,30,11,1
622,841.5617175,10,-1.151686178,98.58567879,1,28,29,0
623,761.2961963,14,1.525503842,99.28969109,0,30,13,0
624,650.1048361,13,-4.449389303,95.7745066,0,34,24,0
625,1243.94772,14,6.376325621,105.95338,1,34,21,1
626,718.849078,16,0.294986093,99.62336903,0,31,34,1
627,997.9792621,14,-2.401258409,97.74571785,0,23,21,1
628,699.2643363,13,-19.16334603,80.25319339,1,34,4,1
629,828.3447608,14,5.09430719,106.58734,1,32,31,0
630,484.2005915,12,-9.206845049,89.76196072,0,30,3,0
631,1379.228129,16,19.70325795,120.2631754,1,24,28,1
632,175.4307552,10,-16.94735785,83.0037866,1,18,2,0
633,560.317686,13,-17.06206993,82.44889889,1,27,31,1
634,758.6326441,14,1.449196208,102.2745158,0,35,31,0
635,71.59509464,9,-27.80050385,71.74391397,1,29,22,0
636,946.9325199,17,2.244256609,104.9900171,1,29,34,1
637,682.5126411,11,-3.331713308,98.51687266,1,30,8,0
638,299.0544046,11,-12.79658795,86.88144679,1,23,9,0
639,831.6216174,11,-12.43354921,87.41748542,1,34,27,1
640,979.6575084,13,-1.167674961,98.13845752,1,34,18,1
641,631.4828059,10,0.422847353,101.0412255,0,26,26,0
642,1002.837824,15,2.73548911,103.7968648,1,41,3,1
643,1695.901044,18,16.58686059,115.4808446,0,24,14,1
644,1174.313036,15,4.293370035,104.195924,0,27,32,0
645,803.8342261,12,7.00512686,106.8339799,1,31,14,1
646,369.1299765,11,5.416495908,105.1189756,0,23,2,0
647,631.7897857,13,-1.88308071,98.65172964,1,31,35,0
648,530.6833253,13,-0.66390141,100.0784367,1,25,22,0
649,1576.435558,18,14.11690268,115.1772597,0,28,36,1
650,870.437576,14,10.70763504,111.2274986,0,27,30,1
651,909.7848051,11,-2.178810311,96.07091608,1,34,22,0
652,758.5347697,15,9.425136262,110.9790119,1,41,19,1
653,1441.346561,15,16.5332609,116.1627326,0,28,14,1
654,714.9174025,13,-5.673528716,95.54105996,0,32,23,0
655,1391.458979,13,17.78534036,118.0785018,1,19,38,1
656,778.0550817,13,-6.16535243,92.43430687,1,35,10,0
657,939.6100032,11,-3.912128791,96.51044113,0,30,4,1
658,496.8601785,8,-10.4053896,90.30954107,1,33,10,1
659,949.4550348,16,11.31637801,111.6407933,0,30,7,0
660,818.7608565,13,-6.068275443,93.18492117,0,32,21,1
661,1031.052072,13,2.824552564,102.4658545,0,36,32,1
662,1074.751895,12,1.520131358,100.1363505,1,29,19,1
663,483.8679795,10,-6.308798794,94.42499528,0,33,7,1
664,1452.543741,15,14.32187823,113.7604326,0,24,16,1
665,923.9783399,16,7.680748649,107.9275357,1,36,33,0
666,625.9925568,13,-3.082521249,98.65380764,1,33,38,1
667,1110.446346,15,15.50283588,116.9853368,0,35,7,1
668,367.8913239,10,-14.5796074,86.28440095,0,30,14,0
669,1801.910098,12,19.09251056,118.5108967,0,24,28,1
670,312.2393636,13,-15.93183272,83.86311577,1,33,38,0
671,1221.835272,17,1.003799141,100.6995717,1,30,17,0
672,642.8912331,10,-5.730510401,94.0893374,1,35,5,1
673,782.0375418,12,-14.5094131,86.07037299,0,35,33,0
674,917.1621892,16,5.149130617,103.0824858,1,36,32,1
675,1032.619071,11,5.712418098,104.7016044,0,23,36,0
676,761.6194864,13,-4.040712826,97.06920688,1,22,28,1
677,1285.574065,17,12.49877525,112.4744915,1,27,18,0
678,555.5309294,7,-2.678142329,98.10024072,1,27,3,0
679,857.5730477,11,-6.08202386,93.69930263,1,31,29,1
680,1276.941728,15,6.895355076,106.0580153,0,39,37,0
681,1045.768852,13,-5.675984642,94.74977604,1,36,1,1
682,704.9414686,11,-9.546993423,90.28771635,1,24,4,1
683,1359.881951,15,4.84174421,105.077557,0,32,16,1
684,1048.215968,15,3.166386096,105.1978089,0,27,6,1
685,924.5733657,14,2.789981026,102.3812323,0,31,5,1
686,776.7486168,12,8.823166658,107.9675186,1,30,11,1
687,752.6951033,15,7.287722631,105.9770745,1,30,23,0
688,0,10,-14.17157404,84.53143231,0,29,6,0
689,778.8301497,14,-3.108936289,97.53433451,1,31,20,1
690,691.8851547,10,-4.748493281,94.72136394,1,35,14,1
691,1246.5954,15,17.67874444,117.4711682,0,34,16,0
692,1112.445628,16,1.642896961,102.1923486,0,31,11,1
693,245.3942606,13,-13.36921081,84.80501092,1,30,17,1
694,1075.539225,12,-0.168107326,99.80459156,1,33,19,1
695,863.5760624,11,1.991056639,101.1692831,0,31,33,1
696,870.9516649,10,-8.903959761,91.14377736,1,28,14,1
697,1276.285132,14,18.53567111,117.6633868,1,31,18,1
698,719.2220196,10,-8.035810356,91.72417982,0,30,0,1
699,398.3779258,9,-14.58369389,85.89062765,1,27,39,1
700,909.5193467,16,-3.849151019,95.11485895,0,33,13,1
701,740.4601808,12,-10.1038278,87.64884671,0,31,1,1
702,956.953604,13,6.87861155,107.5793186,1,34,14,1
703,763.4385711,14,9.82807842,108.2458828,1,32,26,1
704,778.4156265,11,-1.099699735,96.55467413,0,32,11,1
705,812.6654605,15,-1.132505794,99.61230576,0,24,39,0
706,1076.896317,14,4.999057,104.5092207,0,34,3,1
707,721.6213233,13,-1.960781835,97.17183038,0,26,5,0
708,1110.567276,16,11.45808317,112.4069911,1,25,11,1
709,861.9644435,16,4.433713532,104.5615748,1,20,9,1
710,1305.046754,15,6.448583658,106.6320843,0,24,38,1
711,1113.066228,17,6.982425067,106.4454138,0,23,14,1
712,1022.626144,19,1.575822126,101.0017024,0,28,16,1
713,900.4772376,11,5.10854402,103.85788,1,34,21,1
714,914.6306052,11,-3.458364522,96.33472498,1,32,11,1
715,1217.748823,15,15.85135046,114.2883187,1,36,16,1
716,880.5362174,13,1.23532878,103.018198,1,31,17,1
717,1045.007554,15,4.988733043,104.4137629,1,28,13,1
718,847.188657,15,0.871785501,101.3715156,0,24,0,1
719,448.970187,12,-4.481958234,96.11341879,1,25,39,0
720,1210.635022,11,1.468779496,102.9327114,0,34,5,1
721,1476.875459,19,22.98766215,122.816533,0,25,22,1
722,1372.519601,14,3.852182148,103.2837054,0,39,35,1
723,530.9963526,6,-14.89281211,84.73501561,1,30,35,0
724,1239.336805,14,9.847437163,111.132469,0,29,24,1
725,1014.23423,17,1.858833187,102.0170634,0,30,0,1
726,842.1369442,11,-0.014149604,99.22025337,0,33,13,1
727,972.4427749,15,4.100212822,105.2802606,1,30,35,1
728,1147.828997,12,0.309984636,98.88367535,0,31,20,0
729,1101.263414,15,3.380235931,102.9626214,0,33,36,1
730,532.8992357,9,-17.57867043,81.99394234,1,29,39,0
731,1065.587097,14,1.31027406,101.8025373,1,46,13,1
732,758.1123738,14,-6.101608199,95.31937068,0,33,1,0
733,1124.48402,19,10.17634635,110.229594,1,31,16,0
734,765.0355618,13,-15.85186892,83.9830509,1,30,31,0
735,1440.921902,17,9.810881891,110.3906553,1,28,38,1
736,537.7639282,11,2.966721536,103.0090432,0,32,29,1
737,1089.117978,17,5.013339693,105.7257464,0,32,21,1
738,193.9773837,11,-34.91904384,62.62614412,1,35,29,1
739,1485.926318,12,6.894604884,108.6746133,0,27,34,1
740,802.4502199,12,-1.873766074,97.06571659,0,26,33,1
741,872.0295824,12,-2.060295056,98.87114155,1,30,29,1
742,1216.364762,12,5.40632912,107.1669709,1,30,18,1
743,1335.059875,14,9.243770278,107.7616154,0,30,17,0
744,1160.559616,11,3.540099623,102.0313132,0,31,33,1
745,1126.26498,16,7.143521613,107.2008648,0,28,15,1
746,1600.32231,20,24.06929555,124.4898921,0,28,27,1
747,699.2564009,11,-0.456005291,99.14332962,1,27,3,1
748,486.6259527,8,-10.63030877,91.02425229,1,29,33,0
749,1152.583019,13,11.56271227,111.004927,1,24,1,0
750,1213.392131,13,-3.597615719,94.6409894,0,28,5,1
751,297.9397983,10,-13.90185485,84.37285897,0,28,20,0
752,334.5800074,14,-16.08391228,85.66464768,0,35,27,0
753,894.4875041,13,1.805123448,100.494473,1,28,24,1
754,1075.64386,14,3.65643646,104.7049554,0,29,36,0
755,362.0587146,12,-6.437813909,93.0901356,1,28,12,1
756,1398.498343,13,5.05796726,106.7858238,1,30,22,1
757,854.1759655,10,-8.04143625,92.12376549,0,25,29,1
758,801.5817376,14,-0.074129737,99.6322631,0,30,6,0
759,1379.66911,15,4.711575903,103.6643036,0,35,27,1
760,347.7741186,13,-19.2753012,79.80117812,0,33,35,1
761,55.14799354,7,-19.61044991,79.18224958,1,28,15,1
762,922.8487934,18,2.108286283,101.6021121,1,25,1,1
763,1200.902221,13,10.3613252,111.312125,1,26,21,0
764,657.7879527,12,2.108045896,103.7585765,0,27,5,1
765,1494.794728,13,15.42368611,115.7680477,0,24,36,1
766,929.9289053,17,13.60931234,113.5122368,1,28,9,0
767,910.6339467,15,6.293169925,106.1183937,1,33,25,1
768,934.368967,14,1.16833017,101.8380325,0,23,15,1
769,1095.594921,18,4.541607982,104.3031453,0,40,32,1
770,1128.981227,17,7.780220473,107.2896055,1,31,38,1
771,654.4825352,9,-1.429798711,98.94531562,0,36,27,0
772,1006.948715,14,0.694717894,100.5825852,1,26,0,1
773,689.6248344,12,-15.92301297,83.40401104,0,31,38,1
774,1061.950048,13,12.54734437,113.1650415,0,25,20,1
775,604.7736758,16,2.139916958,100.8834168,0,30,22,1
776,1385.758155,21,20.17877404,118.9478884,1,29,2,1
777,985.19492,12,2.151082917,103.581968,1,26,6,1
778,604.2393907,11,-13.01118031,87.34018826,1,21,30,1
779,811.2633664,14,-22.86181126,75.3780576,0,35,13,0
780,1305.963399,15,8.902669417,108.081951,0,42,25,1
781,591.4059494,17,-6.507773114,94.20595476,1,27,24,0
782,310.3222404,10,-6.082744101,91.21035003,0,33,2,0
783,855.2927409,11,-3.178744427,98.54420319,0,36,16,1
784,901.4782083,15,7.329280461,109.368175,1,38,12,1
785,823.2418668,11,-6.244554167,91.18238693,1,37,17,1
786,1630.754369,16,23.90324344,124.8601173,1,23,14,0
787,1438.150941,17,11.44728971,111.6816775,1,24,30,1
788,550.3723911,14,-6.226636205,92.82957658,1,31,38,0
789,786.9590476,8,-1.450756117,98.88683123,1,28,9,0
790,1431.872813,17,13.23185471,112.4363894,0,27,33,0
791,699.7628585,12,-0.505804918,96.50425363,0,30,1,1
792,522.740299,11,-2.113350849,97.22262905,0,22,38,1
793,664.7158124,8,-8.592967883,90.93838981,0,23,39,1
794,835.9055165,11,-2.780452741,96.04450095,1,31,33,0
795,1377.762595,17,16.48935485,116.7986614,1,28,27,1
796,1561.803383,16,19.88513336,120.8150986,0,36,12,0
797,1528.395116,16,7.04403932,107.365528,1,28,34,1
798,1035.16228,15,7.259442413,106.2600776,1,30,34,1
799,561.4271064,12,-8.826018006,90.99072744,0,35,15,0
800,1150.731061,14,4.152150842,104.0578767,1,28,35,1
801,1254.118603,15,12.6556763,110.7290726,0,29,21,1
802,234.5510654,13,-9.432541525,91.2754116,1,31,23,0
803,1759.993936,19,26.38784418,127.2685362,1,25,1,1
804,1406.192317,14,16.32823168,116.915177,1,36,36,0
805,1501.422457,17,20.01802438,120.481115,1,29,26,0
806,926.0227472,13,6.165396835,105.2421645,1,28,22,0
807,465.1446139,11,-4.284644825,96.19454995,1,29,27,0
808,740.5552864,15,-9.131124717,89.76176534,1,36,38,0
809,1171.040045,14,1.170429644,102.5213929,1,32,7,1
810,598.8665642,12,-6.738120541,92.80855737,1,30,18,1
811,1445.21362,14,9.056818451,110.4270666,0,36,12,0
812,1304.110853,17,14.20806522,115.9247387,0,34,18,1
813,279.8926725,8,-17.24577746,83.12350003,0,37,36,1
814,1170.221594,15,5.656744471,106.4563139,1,35,31,1
815,979.1345123,8,-10.1102348,88.67455989,1,20,27,1
816,723.6567616,9,-18.77055517,79.36800679,1,18,25,0
817,650.9001887,14,-5.694893453,95.04317539,0,36,16,1
818,1189.34961,13,0.342775483,100.1287556,0,35,2,1
819,1340.433941,14,11.95682631,109.1983265,1,26,26,0
820,912.0797205,14,15.22880159,115.4931748,1,29,9,0
821,1193.599772,14,2.345514977,104.5421724,0,31,4,1
822,1014.235848,15,11.33428942,111.0275481,1,37,5,0
823,1035.542249,12,-0.727146211,100.4326804,0,33,35,1
824,1010.635873,15,5.639605923,106.2656322,1,36,26,1
825,1240.468652,17,5.885451626,105.5709231,0,34,1,1
826,1023.923728,12,7.580248863,107.0859914,1,27,5,1
827,885.470291,13,14.66448496,114.2314739,0,30,6,1
828,1142.09668,15,8.480850926,108.789098,1,27,19,1
829,807.1000197,12,-0.15939849,99.56664349,0,35,30,1
830,1274.127287,12,5.939644087,107.0325805,0,28,34,1
831,536.9239386,12,-7.185540796,92.67878335,1,34,35,1
832,1002.969522,13,-2.365448461,96.16274044,1,30,0,1
833,1384.339172,16,18.78400712,117.3348788,1,26,2,1
834,1017.907594,12,-4.353716356,96.3743329,0,28,8,0
835,278.6663121,12,-8.321456286,93.56395026,0,20,29,1
836,1121.973702,15,3.642047845,104.6558623,1,22,32,1
837,935.1618882,15,5.078457736,103.1300707,1,28,25,1
838,640.6590809,13,-8.159722313,90.89327743,1,33,6,0
839,1299.799037,15,8.800039932,108.5549927,0,29,19,0
840,1238.114483,15,5.960270281,105.9383462,1,27,30,0
841,883.6564991,11,-11.99601273,88.33247064,1,34,11,1
842,1245.387816,11,0.39805402,100.8292484,1,33,30,1
843,1061.686059,13,-0.954281607,100.2139427,1,39,8,1
844,744.6858202,10,-7.893659549,91.95850057,1,32,15,1
845,807.2456266,12,-0.13631108,100.3371983,1,27,22,1
846,1474.540162,16,17.18780853,118.156893,1,31,18,0
847,574.1523503,14,3.09341317,102.9306965,0,28,35,1
848,876.6878124,12,-5.107739174,94.71369623,1,30,24,1
849,808.3368123,15,1.690289991,102.4378356,1,23,3,0
850,649.7976633,13,-0.39595708,99.20134381,0,32,5,0
851,602.7255685,12,-14.36474611,85.6628681,1,35,6,0
852,1126.753777,15,12.19795414,110.3665365,1,36,34,0
853,937.761297,17,1.325996338,100.2084462,1,26,38,0
854,49.77817357,11,-19.52484833,80.99972652,0,35,36,0
855,636.9948185,12,-6.568137279,94.38001958,1,21,5,1
856,1329.963552,14,10.75778304,112.7118163,1,39,32,1
857,940.7727846,13,1.705201374,101.9048457,0,35,0,1
858,703.5227425,11,-4.503562943,95.80327166,0,31,28,0
859,885.8349723,16,-2.115698631,98.65598217,1,25,20,1
860,922.4083785,13,3.129079901,103.3074099,0,32,11,1
861,1129.536969,13,13.54878156,112.6225792,0,28,25,1
862,973.1157569,15,16.06473464,114.8691953,1,27,40,1
863,936.3826857,16,4.387294045,104.4899115,0,32,20,1
864,1110.157606,13,7.610798606,107.294903,1,36,37,1
865,878.0869789,13,-4.095188438,96.59214337,0,28,8,0
866,753.7564784,16,5.732034941,105.8027823,1,35,19,0
867,417.9225831,11,-9.400593341,90.63662125,1,26,25,0
868,691.4554125,14,-0.238176574,99.97547669,0,30,8,1
869,1100.153323,13,6.766150459,106.7253216,1,33,17,1
870,110.849399,11,-18.08096561,82.17082438,0,22,27,0
871,381.1690048,11,-5.975782241,94.417528,0,30,33,1
872,780.0857812,11,-5.400526293,93.41833574,1,29,14,0
873,1099.56272,14,6.354367555,105.0845383,1,19,25,1
874,936.1833004,12,-3.252169595,93.88904165,1,30,14,1
875,885.6494253,12,3.137884116,102.25283,1,29,30,0
876,215.0959107,11,-1.87873788,98.60229598,1,35,23,0
877,993.609762,14,-3.904915368,95.82539852,0,31,25,1
878,1397.662311,17,14.18526568,113.7416531,0,22,16,1
879,530.0780999,8,-19.51069011,80.40886725,0,33,26,0
880,794.1193812,14,-3.878489764,96.7563339,1,28,27,0
881,959.387354,13,7.918016037,108.8282236,1,28,31,1
882,933.4627068,12,9.003573448,110.411717,0,34,31,1
883,1394.771403,16,15.08640956,114.8579939,0,34,0,1
884,954.235261,15,5.562535673,106.1551621,0,23,9,0
885,379.342154,12,-17.37805821,82.65227441,1,35,28,1
886,932.7991921,18,0.919670067,99.58934398,0,29,36,0
887,1060.491529,12,-1.552097959,99.15592448,0,37,4,1
888,1147.638603,12,10.08921153,109.3141876,1,30,27,1
889,1457.571954,11,7.119657772,108.9107579,0,33,26,1
890,1458.609785,16,13.2245939,111.3479949,1,26,37,1
891,906.347566,11,-4.703931479,95.17948925,1,32,36,1
892,295.0758159,9,-24.33259986,75.53974418,1,23,1,1
893,601.905265,10,-7.094255059,92.69305979,1,32,13,1
894,460.0171607,10,-13.12097917,88.59533508,1,19,35,0
895,652.4489099,10,-6.203378508,96.20837591,0,30,8,1
896,876.8463751,12,-3.139400871,97.26134845,0,31,20,1
897,1157.617665,14,10.89314423,109.884471,0,24,19,1
898,948.0143828,14,17.85960243,118.5049078,1,36,21,1
899,1854.047149,16,20.62065203,118.3227996,1,31,38,0
900,1089.927345,11,-5.257268108,94.27001254,0,35,21,0
901,639.0792831,13,-6.867812853,92.24123265,0,26,22,1
902,1214.70328,18,11.31998241,109.9100933,0,36,26,1
903,569.8653547,8,-13.67750633,86.85130248,1,34,22,1
904,467.5637373,11,0.791005555,99.69685673,1,24,2,0
905,830.295705,14,-8.71405591,89.65875864,0,41,12,1
906,1340.903437,15,8.647393256,108.6199708,0,34,19,1
907,1353.499979,16,-1.19678255,99.87998344,1,31,12,1
908,579.1558998,13,0.892030249,100.0066876,1,26,21,0
909,965.2022601,16,1.488577675,102.4736809,1,31,18,1
910,635.0148504,13,-3.57689744,95.84134604,1,30,32,0
911,828.8925867,17,2.252581504,101.4490706,0,38,2,0
912,937.0658996,16,7.795275911,107.3789067,1,35,15,1
913,591.4655677,15,1.171363852,100.8455574,0,21,36,1
914,969.6205062,11,5.300840943,104.545533,1,29,21,1
915,1429.485929,16,14.31229213,115.0433317,1,33,15,1
916,1279.442445,16,10.59319203,111.4945151,1,39,17,1
917,111.7291151,7,-17.54949946,83.83769982,1,18,1,0
918,878.1414057,16,-3.812162197,97.70059619,0,27,24,1
919,1241.358851,16,4.103080098,103.8783861,1,28,20,1
920,1094.841146,16,-0.558579512,98.91801245,1,24,4,0
921,1175.686513,12,1.80313837,100.2369007,0,20,16,1
922,1179.63732,16,4.513230036,106.409085,0,30,2,1
923,701.9705242,9,-10.41182856,89.45074577,1,28,1,1
924,817.4990675,12,-7.030162531,90.51513122,1,30,9,1
925,0,10,-22.19698899,78.56939202,1,34,39,1
926,612.0208998,8,-12.11837877,90.70122156,1,34,2,0
927,384.6831656,12,0.983178269,100.9156287,1,34,5,0
928,728.8390071,12,-2.300783938,97.45968523,1,25,37,0
929,1212.642913,12,3.498214015,103.0024428,1,29,4,0
930,663.0358989,14,-8.604475439,91.01910136,0,32,38,1
931,409.3852645,8,0.067101168,102.1183876,1,28,27,1
932,962.0306313,14,2.94735792,102.6005553,0,22,0,0
933,1226.889661,17,12.80963664,112.1477681,1,35,34,1
934,1066.886955,15,10.61013142,112.6585927,0,24,21,0
935,913.1009738,14,1.604138671,101.013693,1,30,17,1
936,1067.86884,13,6.530778259,106.5793734,1,29,34,0
937,1308.555213,15,8.228819115,109.0666758,1,30,24,1
938,938.795644,16,1.14516457,100.0114804,0,32,3,1
939,690.9734359,14,-5.077427555,95.80445394,1,45,5,0
940,1213.062621,17,13.50643488,113.4041074,0,31,16,1
941,967.1855793,15,9.186709552,107.4211937,1,31,33,1
942,543.5410719,15,-2.51242862,96.96289928,1,26,15,1
943,684.5305733,13,0.243598747,100.3659363,0,28,25,0
944,999.755072,20,2.111093971,103.9093277,0,41,24,1
945,563.9118961,13,-2.957784742,95.91556436,0,32,22,1
946,722.7911853,13,-2.155575278,98.24646848,1,37,23,0
947,1155.467994,12,-6.674259485,93.70998397,0,31,31,1
948,886.5413902,13,1.014153674,99.86383999,1,30,28,0
949,735.9689737,13,-2.931625381,98.68717219,1,28,34,0
950,890.5762305,12,3.119348105,103.7225543,0,27,39,1
951,801.6808536,11,-6.536384995,93.06460314,1,39,9,1
952,761.1287017,12,-6.921796543,91.79886621,1,35,34,0
953,1063.327643,15,3.35714766,105.2593336,1,22,27,0
954,1489.748708,17,15.39615706,115.8555847,0,21,12,1
955,953.1578637,12,-2.174180281,97.1586453,0,31,6,1
956,956.0379485,12,3.335065002,104.3098415,1,27,31,1
957,488.571794,11,-5.754609905,94.29503255,0,24,39,0
958,761.9474494,10,-2.765780056,94.78541388,1,34,34,0
959,326.8124712,9,-14.66579928,84.4643194,1,40,27,0
960,1204.81009,14,9.028878115,108.5520777,1,31,32,0
961,713.4586533,10,-10.7497882,88.96312856,1,30,19,0
962,510.6049076,9,-12.77063908,87.02282447,0,28,18,1
963,430.174186,13,4.715244317,105.0021218,0,37,12,1
964,742.6590448,12,3.65142686,102.7390245,1,32,1,0
965,783.7677681,12,15.2502809,115.3886536,1,25,17,0
966,1446.764385,16,25.73601413,126.8601863,1,30,39,0
967,766.087477,16,0.652009103,101.6397599,1,29,5,0
968,1060.495866,14,7.478834137,107.5436184,0,41,29,0
969,1424.092504,14,16.44159945,115.4080871,0,33,21,1
970,1336.969859,17,3.519064957,102.9405535,1,34,38,1
971,986.3854615,14,-3.758492303,96.58674637,1,38,29,0
972,848.4401213,13,-3.402175197,96.36187956,0,38,36,1
973,1295.869968,14,16.50001368,116.8468945,0,35,12,1
974,515.3623777,10,-9.135311548,90.43954057,0,27,25,0
975,874.1742467,17,0.209216652,101.1706191,1,33,8,0
976,722.414168,15,6.361461499,106.4394794,1,28,34,0
977,908.3243427,14,-7.437164432,92.72572375,0,32,2,1
978,771.9769458,12,-4.09317155,96.99272043,1,27,31,0
979,690.1642806,14,-1.165069962,98.69033928,1,27,29,1
980,1128.491739,18,10.18307683,110.8438759,1,27,31,1
981,714.194955,14,3.162411683,104.1674568,1,23,25,1
982,1172.971421,14,6.830785413,105.6112838,1,36,33,1
983,799.4440225,12,-5.704548533,93.29066265,0,32,17,1
984,702.7819462,11,-5.999099153,94.0813872,1,21,38,0
985,397.6307293,14,-2.099891433,97.91056248,0,36,12,1
986,1283.447659,13,2.95951651,101.3314554,1,34,5,1
987,957.0609813,13,1.449231898,101.7706338,0,28,24,1
988,1085.409564,13,2.601254679,100.8480552,0,30,1,1
989,1288.165893,16,18.52222647,117.5021416,0,37,3,0
990,643.7932699,9,-10.21519955,90.07640632,0,17,13,0
991,748.8425106,14,2.43014275,101.8610235,1,21,3,1
992,573.3761458,10,-7.006509442,94.93727058,0,31,28,0
993,1020.044067,13,6.559884349,105.019191,0,28,3,0
994,1283.072838,17,12.24895937,112.4152034,0,36,13,1
995,672.4156377,12,-2.905180516,95.07791643,0,36,14,0
996,901.2645026,15,11.60573051,110.4713217,1,33,16,1
997,600.0289282,18,-5.183370484,94.16605898,0,33,31,1
998,1198.054811,15,0.030555221,100.0985832,1,28,24,1
999,1063.109732,8,-0.454200452,101.1814084,0,29,31,0
1000,360.4959132,7,-13.02639223,87.66535259,0,25,9,0
